task,algo1,algo2,test,alpha,target_n,fpr,se,expected_fpr
Hopper-v5,SAC,TD3,t-test,0.05,2,0.061,0.0075682891065286355,0.05
Hopper-v5,SAC,TD3,Welch t-test,0.05,2,0.035,0.005811626278418116,0.05
Hopper-v5,SAC,TD3,Mann-Whitney,0.05,2,0.0,0.0,0.05
Hopper-v5,SAC,TD3,Ranked t-test,0.05,2,0.0,0.0,0.05
Hopper-v5,SAC,TD3,t-test,0.05,3,0.022,0.0046385342512479085,0.05
Hopper-v5,SAC,TD3,Welch t-test,0.05,3,0.023,0.004740358636221525,0.05
Hopper-v5,SAC,TD3,Mann-Whitney,0.05,3,0.0,0.0,0.05
Hopper-v5,SAC,TD3,Ranked t-test,0.05,3,0.104,0.009653186002558949,0.05
Hopper-v5,SAC,TD3,t-test,0.05,5,0.029,0.005306505441436953,0.05
Hopper-v5,SAC,TD3,Welch t-test,0.05,5,0.012,0.003443254274665175,0.05
Hopper-v5,SAC,TD3,Mann-Whitney,0.05,5,0.032,0.005565608681896348,0.05
Hopper-v5,SAC,TD3,Ranked t-test,0.05,5,0.069,0.008014923580421713,0.05
Hopper-v5,SAC,TD3,t-test,0.05,10,0.04,0.0061967733539318665,0.05
Hopper-v5,SAC,TD3,Welch t-test,0.05,10,0.037,0.005969170796685248,0.05
Hopper-v5,SAC,TD3,Mann-Whitney,0.05,10,0.044,0.006485676526007136,0.05
Hopper-v5,SAC,TD3,Ranked t-test,0.05,10,0.064,0.007739767438366608,0.05
Hopper-v5,SAC,TD3,t-test,0.05,20,0.065,0.007795832219846705,0.05
Hopper-v5,SAC,TD3,Welch t-test,0.05,20,0.057,0.007331507348424334,0.05
Hopper-v5,SAC,TD3,Mann-Whitney,0.05,20,0.062,0.007626008130076967,0.05
Hopper-v5,SAC,TD3,Ranked t-test,0.05,20,0.064,0.007739767438366608,0.05
Hopper-v5,SAC,TD3,t-test,0.05,30,0.049,0.006826346021115542,0.05
Hopper-v5,SAC,TD3,Welch t-test,0.05,30,0.058,0.007391616873188166,0.05
Hopper-v5,SAC,TD3,Mann-Whitney,0.05,30,0.049,0.006826346021115542,0.05
Hopper-v5,SAC,TD3,Ranked t-test,0.05,30,0.046,0.006624499981130651,0.05
Hopper-v5,SAC,TD3,t-test,0.01,2,0.022,0.0046385342512479085,0.01
Hopper-v5,SAC,TD3,Welch t-test,0.01,2,0.008,0.0028170906978654416,0.01
Hopper-v5,SAC,TD3,Mann-Whitney,0.01,2,0.0,0.0,0.01
Hopper-v5,SAC,TD3,Ranked t-test,0.01,2,0.001,0.0009994998749374609,0.01
Hopper-v5,SAC,TD3,t-test,0.01,3,0.016,0.003967870965643918,0.01
Hopper-v5,SAC,TD3,Welch t-test,0.01,3,0.007,0.0026364749192814255,0.01
Hopper-v5,SAC,TD3,Mann-Whitney,0.01,3,0.0,0.0,0.01
Hopper-v5,SAC,TD3,Ranked t-test,0.01,3,0.0,0.0,0.01
Hopper-v5,SAC,TD3,t-test,0.01,5,0.003,0.001729450779872038,0.01
Hopper-v5,SAC,TD3,Welch t-test,0.01,5,0.002,0.0014127986409959489,0.01
Hopper-v5,SAC,TD3,Mann-Whitney,0.01,5,0.006,0.002442130217658346,0.01
Hopper-v5,SAC,TD3,Ranked t-test,0.01,5,0.019,0.004317290817167636,0.01
Hopper-v5,SAC,TD3,t-test,0.01,10,0.004,0.001995995991979944,0.01
Hopper-v5,SAC,TD3,Welch t-test,0.01,10,0.001,0.0009994998749374609,0.01
Hopper-v5,SAC,TD3,Mann-Whitney,0.01,10,0.009,0.002986469487538756,0.01
Hopper-v5,SAC,TD3,Ranked t-test,0.01,10,0.009,0.002986469487538756,0.01
Hopper-v5,SAC,TD3,t-test,0.01,20,0.016,0.003967870965643918,0.01
Hopper-v5,SAC,TD3,Welch t-test,0.01,20,0.011,0.003298332912245215,0.01
Hopper-v5,SAC,TD3,Mann-Whitney,0.01,20,0.008,0.0028170906978654416,0.01
Hopper-v5,SAC,TD3,Ranked t-test,0.01,20,0.011,0.003298332912245215,0.01
Hopper-v5,SAC,TD3,t-test,0.01,30,0.005,0.0022304708023195463,0.01
Hopper-v5,SAC,TD3,Welch t-test,0.01,30,0.014,0.003715373467095872,0.01
Hopper-v5,SAC,TD3,Mann-Whitney,0.01,30,0.016,0.003967870965643918,0.01
Hopper-v5,SAC,TD3,Ranked t-test,0.01,30,0.01,0.003146426544510455,0.01
Hopper-v5,SAC,DDPG,t-test,0.05,2,0.09,0.009049861877399014,0.05
Hopper-v5,SAC,DDPG,Welch t-test,0.05,2,0.048,0.006759881655768835,0.05
Hopper-v5,SAC,DDPG,Mann-Whitney,0.05,2,0.0,0.0,0.05
Hopper-v5,SAC,DDPG,Ranked t-test,0.05,2,0.0,0.0,0.05
Hopper-v5,SAC,DDPG,t-test,0.05,3,0.071,0.008121514637061242,0.05
Hopper-v5,SAC,DDPG,Welch t-test,0.05,3,0.05,0.006892024376045111,0.05
Hopper-v5,SAC,DDPG,Mann-Whitney,0.05,3,0.0,0.0,0.05
Hopper-v5,SAC,DDPG,Ranked t-test,0.05,3,0.134,0.010772372069326236,0.05
Hopper-v5,SAC,DDPG,t-test,0.05,5,0.067,0.007906389820898032,0.05
Hopper-v5,SAC,DDPG,Welch t-test,0.05,5,0.055,0.00720936890441875,0.05
Hopper-v5,SAC,DDPG,Mann-Whitney,0.05,5,0.042,0.0063431853196954605,0.05
Hopper-v5,SAC,DDPG,Ranked t-test,0.05,5,0.077,0.00843036179532053,0.05
Hopper-v5,SAC,DDPG,t-test,0.05,10,0.056,0.007270763371201128,0.05
Hopper-v5,SAC,DDPG,Welch t-test,0.05,10,0.047,0.006692607862410586,0.05
Hopper-v5,SAC,DDPG,Mann-Whitney,0.05,10,0.085,0.008819013550278738,0.05
Hopper-v5,SAC,DDPG,Ranked t-test,0.05,10,0.095,0.00927227048785787,0.05
Hopper-v5,SAC,DDPG,t-test,0.05,20,0.066,0.007851369307324678,0.05
Hopper-v5,SAC,DDPG,Welch t-test,0.05,20,0.047,0.006692607862410586,0.05
Hopper-v5,SAC,DDPG,Mann-Whitney,0.05,20,0.139,0.010939789760319894,0.05
Hopper-v5,SAC,DDPG,Ranked t-test,0.05,20,0.142,0.011037934589405754,0.05
Hopper-v5,SAC,DDPG,t-test,0.05,30,0.052,0.007021111023192838,0.05
Hopper-v5,SAC,DDPG,Welch t-test,0.05,30,0.045,0.0065555320150236475,0.05
Hopper-v5,SAC,DDPG,Mann-Whitney,0.05,30,0.164,0.011709141727727102,0.05
Hopper-v5,SAC,DDPG,Ranked t-test,0.05,30,0.169,0.011850696182081457,0.05
Hopper-v5,SAC,DDPG,t-test,0.01,2,0.034,0.005730968504537431,0.01
Hopper-v5,SAC,DDPG,Welch t-test,0.01,2,0.018,0.004204283529925164,0.01
Hopper-v5,SAC,DDPG,Mann-Whitney,0.01,2,0.0,0.0,0.01
Hopper-v5,SAC,DDPG,Ranked t-test,0.01,2,0.001,0.0009994998749374609,0.01
Hopper-v5,SAC,DDPG,t-test,0.01,3,0.022,0.0046385342512479085,0.01
Hopper-v5,SAC,DDPG,Welch t-test,0.01,3,0.015,0.003843826218756514,0.01
Hopper-v5,SAC,DDPG,Mann-Whitney,0.01,3,0.0,0.0,0.01
Hopper-v5,SAC,DDPG,Ranked t-test,0.01,3,0.0,0.0,0.01
Hopper-v5,SAC,DDPG,t-test,0.01,5,0.027,0.00512552436341883,0.01
Hopper-v5,SAC,DDPG,Welch t-test,0.01,5,0.009,0.002986469487538756,0.01
Hopper-v5,SAC,DDPG,Mann-Whitney,0.01,5,0.006,0.002442130217658346,0.01
Hopper-v5,SAC,DDPG,Ranked t-test,0.01,5,0.029,0.005306505441436953,0.01
Hopper-v5,SAC,DDPG,t-test,0.01,10,0.017,0.004087909000944126,0.01
Hopper-v5,SAC,DDPG,Welch t-test,0.01,10,0.017,0.004087909000944126,0.01
Hopper-v5,SAC,DDPG,Mann-Whitney,0.01,10,0.015,0.003843826218756514,0.01
Hopper-v5,SAC,DDPG,Ranked t-test,0.01,10,0.024,0.004839834707921336,0.01
Hopper-v5,SAC,DDPG,t-test,0.01,20,0.012,0.003443254274665175,0.01
Hopper-v5,SAC,DDPG,Welch t-test,0.01,20,0.012,0.003443254274665175,0.01
Hopper-v5,SAC,DDPG,Mann-Whitney,0.01,20,0.024,0.004839834707921336,0.01
Hopper-v5,SAC,DDPG,Ranked t-test,0.01,20,0.033,0.005648982209212559,0.01
Hopper-v5,SAC,DDPG,t-test,0.01,30,0.007,0.0026364749192814255,0.01
Hopper-v5,SAC,DDPG,Welch t-test,0.01,30,0.008,0.0028170906978654416,0.01
Hopper-v5,SAC,DDPG,Mann-Whitney,0.01,30,0.041,0.006270486424512854,0.01
Hopper-v5,SAC,DDPG,Ranked t-test,0.01,30,0.053,0.00708456067798138,0.01
Hopper-v5,SAC,PPO,t-test,0.05,2,0.086,0.008865889690267977,0.05
Hopper-v5,SAC,PPO,Welch t-test,0.05,2,0.035,0.005811626278418116,0.05
Hopper-v5,SAC,PPO,Mann-Whitney,0.05,2,0.0,0.0,0.05
Hopper-v5,SAC,PPO,Ranked t-test,0.05,2,0.0,0.0,0.05
Hopper-v5,SAC,PPO,t-test,0.05,3,0.074,0.00827792244467173,0.05
Hopper-v5,SAC,PPO,Welch t-test,0.05,3,0.043,0.006414904519944158,0.05
Hopper-v5,SAC,PPO,Mann-Whitney,0.05,3,0.0,0.0,0.05
Hopper-v5,SAC,PPO,Ranked t-test,0.05,3,0.137,0.010873407929439602,0.05
Hopper-v5,SAC,PPO,t-test,0.05,5,0.047,0.006692607862410586,0.05
Hopper-v5,SAC,PPO,Welch t-test,0.05,5,0.038,0.006046155803483731,0.05
Hopper-v5,SAC,PPO,Mann-Whitney,0.05,5,0.053,0.00708456067798138,0.05
Hopper-v5,SAC,PPO,Ranked t-test,0.05,5,0.072,0.008174105455644672,0.05
Hopper-v5,SAC,PPO,t-test,0.05,10,0.037,0.005969170796685248,0.05
Hopper-v5,SAC,PPO,Welch t-test,0.05,10,0.051,0.00695693898205238,0.05
Hopper-v5,SAC,PPO,Mann-Whitney,0.05,10,0.098,0.009401914698613257,0.05
Hopper-v5,SAC,PPO,Ranked t-test,0.05,10,0.091,0.009094998625618368,0.05
Hopper-v5,SAC,PPO,t-test,0.05,20,0.059,0.007451107300260815,0.05
Hopper-v5,SAC,PPO,Welch t-test,0.05,20,0.048,0.006759881655768835,0.05
Hopper-v5,SAC,PPO,Mann-Whitney,0.05,20,0.138,0.01090669519148674,0.05
Hopper-v5,SAC,PPO,Ranked t-test,0.05,20,0.134,0.010772372069326236,0.05
Hopper-v5,SAC,PPO,t-test,0.05,30,0.042,0.0063431853196954605,0.05
Hopper-v5,SAC,PPO,Welch t-test,0.05,30,0.042,0.0063431853196954605,0.05
Hopper-v5,SAC,PPO,Mann-Whitney,0.05,30,0.163,0.011680368144883106,0.05
Hopper-v5,SAC,PPO,Ranked t-test,0.05,30,0.16,0.01159310139695155,0.05
Hopper-v5,SAC,PPO,t-test,0.01,2,0.031,0.0054807846153630225,0.01
Hopper-v5,SAC,PPO,Welch t-test,0.01,2,0.013,0.003582038525755969,0.01
Hopper-v5,SAC,PPO,Mann-Whitney,0.01,2,0.0,0.0,0.01
Hopper-v5,SAC,PPO,Ranked t-test,0.01,2,0.0,0.0,0.01
Hopper-v5,SAC,PPO,t-test,0.01,3,0.017,0.004087909000944126,0.01
Hopper-v5,SAC,PPO,Welch t-test,0.01,3,0.015,0.003843826218756514,0.01
Hopper-v5,SAC,PPO,Mann-Whitney,0.01,3,0.0,0.0,0.01
Hopper-v5,SAC,PPO,Ranked t-test,0.01,3,0.0,0.0,0.01
Hopper-v5,SAC,PPO,t-test,0.01,5,0.012,0.003443254274665175,0.01
Hopper-v5,SAC,PPO,Welch t-test,0.01,5,0.007,0.0026364749192814255,0.01
Hopper-v5,SAC,PPO,Mann-Whitney,0.01,5,0.014,0.003715373467095872,0.01
Hopper-v5,SAC,PPO,Ranked t-test,0.01,5,0.029,0.005306505441436953,0.01
Hopper-v5,SAC,PPO,t-test,0.01,10,0.012,0.003443254274665175,0.01
Hopper-v5,SAC,PPO,Welch t-test,0.01,10,0.005,0.0022304708023195463,0.01
Hopper-v5,SAC,PPO,Mann-Whitney,0.01,10,0.016,0.003967870965643918,0.01
Hopper-v5,SAC,PPO,Ranked t-test,0.01,10,0.036,0.005891010100144117,0.01
Hopper-v5,SAC,PPO,t-test,0.01,20,0.008,0.0028170906978654416,0.01
Hopper-v5,SAC,PPO,Welch t-test,0.01,20,0.008,0.0028170906978654416,0.01
Hopper-v5,SAC,PPO,Mann-Whitney,0.01,20,0.045,0.0065555320150236475,0.01
Hopper-v5,SAC,PPO,Ranked t-test,0.01,20,0.046,0.006624499981130651,0.01
Hopper-v5,SAC,PPO,t-test,0.01,30,0.008,0.0028170906978654416,0.01
Hopper-v5,SAC,PPO,Welch t-test,0.01,30,0.012,0.003443254274665175,0.01
Hopper-v5,SAC,PPO,Mann-Whitney,0.01,30,0.049,0.006826346021115542,0.01
Hopper-v5,SAC,PPO,Ranked t-test,0.01,30,0.077,0.00843036179532053,0.01
Hopper-v5,TD3,DDPG,t-test,0.05,2,0.103,0.009612023720320296,0.05
Hopper-v5,TD3,DDPG,Welch t-test,0.05,2,0.058,0.007391616873188166,0.05
Hopper-v5,TD3,DDPG,Mann-Whitney,0.05,2,0.0,0.0,0.05
Hopper-v5,TD3,DDPG,Ranked t-test,0.05,2,0.0,0.0,0.05
Hopper-v5,TD3,DDPG,t-test,0.05,3,0.084,0.008771772910877254,0.05
Hopper-v5,TD3,DDPG,Welch t-test,0.05,3,0.057,0.007331507348424334,0.05
Hopper-v5,TD3,DDPG,Mann-Whitney,0.05,3,0.0,0.0,0.05
Hopper-v5,TD3,DDPG,Ranked t-test,0.05,3,0.139,0.010939789760319894,0.05
Hopper-v5,TD3,DDPG,t-test,0.05,5,0.077,0.00843036179532053,0.05
Hopper-v5,TD3,DDPG,Welch t-test,0.05,5,0.052,0.007021111023192838,0.05
Hopper-v5,TD3,DDPG,Mann-Whitney,0.05,5,0.05,0.006892024376045111,0.05
Hopper-v5,TD3,DDPG,Ranked t-test,0.05,5,0.049,0.006826346021115542,0.05
Hopper-v5,TD3,DDPG,t-test,0.05,10,0.083,0.008724161850859944,0.05
Hopper-v5,TD3,DDPG,Welch t-test,0.05,10,0.063,0.007683163410991596,0.05
Hopper-v5,TD3,DDPG,Mann-Whitney,0.05,10,0.07,0.008068457101577725,0.05
Hopper-v5,TD3,DDPG,Ranked t-test,0.05,10,0.08,0.008579044235810887,0.05
Hopper-v5,TD3,DDPG,t-test,0.05,20,0.063,0.007683163410991596,0.05
Hopper-v5,TD3,DDPG,Welch t-test,0.05,20,0.059,0.007451107300260815,0.05
Hopper-v5,TD3,DDPG,Mann-Whitney,0.05,20,0.098,0.009401914698613257,0.05
Hopper-v5,TD3,DDPG,Ranked t-test,0.05,20,0.089,0.00900438781928011,0.05
Hopper-v5,TD3,DDPG,t-test,0.05,30,0.068,0.007960904471226871,0.05
Hopper-v5,TD3,DDPG,Welch t-test,0.05,30,0.059,0.007451107300260815,0.05
Hopper-v5,TD3,DDPG,Mann-Whitney,0.05,30,0.121,0.010313049985334114,0.05
Hopper-v5,TD3,DDPG,Ranked t-test,0.05,30,0.116,0.010126401137620413,0.05
Hopper-v5,TD3,DDPG,t-test,0.01,2,0.035,0.005811626278418116,0.01
Hopper-v5,TD3,DDPG,Welch t-test,0.01,2,0.01,0.003146426544510455,0.01
Hopper-v5,TD3,DDPG,Mann-Whitney,0.01,2,0.0,0.0,0.01
Hopper-v5,TD3,DDPG,Ranked t-test,0.01,2,0.0,0.0,0.01
Hopper-v5,TD3,DDPG,t-test,0.01,3,0.035,0.005811626278418116,0.01
Hopper-v5,TD3,DDPG,Welch t-test,0.01,3,0.014,0.003715373467095872,0.01
Hopper-v5,TD3,DDPG,Mann-Whitney,0.01,3,0.0,0.0,0.01
Hopper-v5,TD3,DDPG,Ranked t-test,0.01,3,0.001,0.0009994998749374609,0.01
Hopper-v5,TD3,DDPG,t-test,0.01,5,0.028,0.005216895628628198,0.01
Hopper-v5,TD3,DDPG,Welch t-test,0.01,5,0.018,0.004204283529925164,0.01
Hopper-v5,TD3,DDPG,Mann-Whitney,0.01,5,0.006,0.002442130217658346,0.01
Hopper-v5,TD3,DDPG,Ranked t-test,0.01,5,0.027,0.00512552436341883,0.01
Hopper-v5,TD3,DDPG,t-test,0.01,10,0.028,0.005216895628628198,0.01
Hopper-v5,TD3,DDPG,Welch t-test,0.01,10,0.014,0.003715373467095872,0.01
Hopper-v5,TD3,DDPG,Mann-Whitney,0.01,10,0.015,0.003843826218756514,0.01
Hopper-v5,TD3,DDPG,Ranked t-test,0.01,10,0.019,0.004317290817167636,0.01
Hopper-v5,TD3,DDPG,t-test,0.01,20,0.023,0.004740358636221525,0.01
Hopper-v5,TD3,DDPG,Welch t-test,0.01,20,0.017,0.004087909000944126,0.01
Hopper-v5,TD3,DDPG,Mann-Whitney,0.01,20,0.026,0.0050322956987840055,0.01
Hopper-v5,TD3,DDPG,Ranked t-test,0.01,20,0.029,0.005306505441436953,0.01
Hopper-v5,TD3,DDPG,t-test,0.01,30,0.015,0.003843826218756514,0.01
Hopper-v5,TD3,DDPG,Welch t-test,0.01,30,0.018,0.004204283529925164,0.01
Hopper-v5,TD3,DDPG,Mann-Whitney,0.01,30,0.029,0.005306505441436953,0.01
Hopper-v5,TD3,DDPG,Ranked t-test,0.01,30,0.028,0.005216895628628198,0.01
Hopper-v5,TD3,PPO,t-test,0.05,2,0.102,0.009570579919733181,0.05
Hopper-v5,TD3,PPO,Welch t-test,0.05,2,0.044,0.006485676526007136,0.05
Hopper-v5,TD3,PPO,Mann-Whitney,0.05,2,0.0,0.0,0.05
Hopper-v5,TD3,PPO,Ranked t-test,0.05,2,0.0,0.0,0.05
Hopper-v5,TD3,PPO,t-test,0.05,3,0.087,0.00891240708226459,0.05
Hopper-v5,TD3,PPO,Welch t-test,0.05,3,0.045,0.0065555320150236475,0.05
Hopper-v5,TD3,PPO,Mann-Whitney,0.05,3,0.0,0.0,0.05
Hopper-v5,TD3,PPO,Ranked t-test,0.05,3,0.16,0.01159310139695155,0.05
Hopper-v5,TD3,PPO,t-test,0.05,5,0.052,0.007021111023192838,0.05
Hopper-v5,TD3,PPO,Welch t-test,0.05,5,0.028,0.005216895628628198,0.05
Hopper-v5,TD3,PPO,Mann-Whitney,0.05,5,0.048,0.006759881655768835,0.05
Hopper-v5,TD3,PPO,Ranked t-test,0.05,5,0.078,0.008480330182251162,0.05
Hopper-v5,TD3,PPO,t-test,0.05,10,0.057,0.007331507348424334,0.05
Hopper-v5,TD3,PPO,Welch t-test,0.05,10,0.058,0.007391616873188166,0.05
Hopper-v5,TD3,PPO,Mann-Whitney,0.05,10,0.081,0.008627803892068943,0.05
Hopper-v5,TD3,PPO,Ranked t-test,0.05,10,0.1,0.009486832980505138,0.05
Hopper-v5,TD3,PPO,t-test,0.05,20,0.056,0.007270763371201128,0.05
Hopper-v5,TD3,PPO,Welch t-test,0.05,20,0.062,0.007626008130076967,0.05
Hopper-v5,TD3,PPO,Mann-Whitney,0.05,20,0.109,0.00985489725973843,0.05
Hopper-v5,TD3,PPO,Ranked t-test,0.05,20,0.103,0.009612023720320296,0.05
Hopper-v5,TD3,PPO,t-test,0.05,30,0.04,0.0061967733539318665,0.05
Hopper-v5,TD3,PPO,Welch t-test,0.05,30,0.046,0.006624499981130651,0.05
Hopper-v5,TD3,PPO,Mann-Whitney,0.05,30,0.109,0.00985489725973843,0.05
Hopper-v5,TD3,PPO,Ranked t-test,0.05,30,0.146,0.011166198995181842,0.05
Hopper-v5,TD3,PPO,t-test,0.01,2,0.038,0.006046155803483731,0.01
Hopper-v5,TD3,PPO,Welch t-test,0.01,2,0.013,0.003582038525755969,0.01
Hopper-v5,TD3,PPO,Mann-Whitney,0.01,2,0.0,0.0,0.01
Hopper-v5,TD3,PPO,Ranked t-test,0.01,2,0.0,0.0,0.01
Hopper-v5,TD3,PPO,t-test,0.01,3,0.021,0.004534203347888138,0.01
Hopper-v5,TD3,PPO,Welch t-test,0.01,3,0.016,0.003967870965643918,0.01
Hopper-v5,TD3,PPO,Mann-Whitney,0.01,3,0.0,0.0,0.01
Hopper-v5,TD3,PPO,Ranked t-test,0.01,3,0.001,0.0009994998749374609,0.01
Hopper-v5,TD3,PPO,t-test,0.01,5,0.012,0.003443254274665175,0.01
Hopper-v5,TD3,PPO,Welch t-test,0.01,5,0.004,0.001995995991979944,0.01
Hopper-v5,TD3,PPO,Mann-Whitney,0.01,5,0.01,0.003146426544510455,0.01
Hopper-v5,TD3,PPO,Ranked t-test,0.01,5,0.035,0.005811626278418116,0.01
Hopper-v5,TD3,PPO,t-test,0.01,10,0.011,0.003298332912245215,0.01
Hopper-v5,TD3,PPO,Welch t-test,0.01,10,0.007,0.0026364749192814255,0.01
Hopper-v5,TD3,PPO,Mann-Whitney,0.01,10,0.02,0.004427188724235731,0.01
Hopper-v5,TD3,PPO,Ranked t-test,0.01,10,0.031,0.0054807846153630225,0.01
Hopper-v5,TD3,PPO,t-test,0.01,20,0.01,0.003146426544510455,0.01
Hopper-v5,TD3,PPO,Welch t-test,0.01,20,0.007,0.0026364749192814255,0.01
Hopper-v5,TD3,PPO,Mann-Whitney,0.01,20,0.029,0.005306505441436953,0.01
Hopper-v5,TD3,PPO,Ranked t-test,0.01,20,0.033,0.005648982209212559,0.01
Hopper-v5,TD3,PPO,t-test,0.01,30,0.013,0.003582038525755969,0.01
Hopper-v5,TD3,PPO,Welch t-test,0.01,30,0.013,0.003582038525755969,0.01
Hopper-v5,TD3,PPO,Mann-Whitney,0.01,30,0.03,0.005394441583704471,0.01
Hopper-v5,TD3,PPO,Ranked t-test,0.01,30,0.04,0.0061967733539318665,0.01
Hopper-v5,DDPG,PPO,t-test,0.05,2,0.077,0.00843036179532053,0.05
Hopper-v5,DDPG,PPO,Welch t-test,0.05,2,0.039,0.006122009474020765,0.05
Hopper-v5,DDPG,PPO,Mann-Whitney,0.05,2,0.0,0.0,0.05
Hopper-v5,DDPG,PPO,Ranked t-test,0.05,2,0.0,0.0,0.05
Hopper-v5,DDPG,PPO,t-test,0.05,3,0.069,0.008014923580421713,0.05
Hopper-v5,DDPG,PPO,Welch t-test,0.05,3,0.054,0.007147307185227175,0.05
Hopper-v5,DDPG,PPO,Mann-Whitney,0.05,3,0.0,0.0,0.05
Hopper-v5,DDPG,PPO,Ranked t-test,0.05,3,0.125,0.010458250331675944,0.05
Hopper-v5,DDPG,PPO,t-test,0.05,5,0.048,0.006759881655768835,0.05
Hopper-v5,DDPG,PPO,Welch t-test,0.05,5,0.047,0.006692607862410586,0.05
Hopper-v5,DDPG,PPO,Mann-Whitney,0.05,5,0.041,0.006270486424512854,0.05
Hopper-v5,DDPG,PPO,Ranked t-test,0.05,5,0.074,0.00827792244467173,0.05
Hopper-v5,DDPG,PPO,t-test,0.05,10,0.047,0.006692607862410586,0.05
Hopper-v5,DDPG,PPO,Welch t-test,0.05,10,0.053,0.00708456067798138,0.05
Hopper-v5,DDPG,PPO,Mann-Whitney,0.05,10,0.082,0.008676174272108648,0.05
Hopper-v5,DDPG,PPO,Ranked t-test,0.05,10,0.092,0.00913980306133562,0.05
Hopper-v5,DDPG,PPO,t-test,0.05,20,0.064,0.007739767438366608,0.05
Hopper-v5,DDPG,PPO,Welch t-test,0.05,20,0.054,0.007147307185227175,0.05
Hopper-v5,DDPG,PPO,Mann-Whitney,0.05,20,0.156,0.011474493452871897,0.05
Hopper-v5,DDPG,PPO,Ranked t-test,0.05,20,0.146,0.011166198995181842,0.05
Hopper-v5,DDPG,PPO,t-test,0.05,30,0.038,0.006046155803483731,0.05
Hopper-v5,DDPG,PPO,Welch t-test,0.05,30,0.056,0.007270763371201128,0.05
Hopper-v5,DDPG,PPO,Mann-Whitney,0.05,30,0.185,0.012279047194306243,0.05
Hopper-v5,DDPG,PPO,Ranked t-test,0.05,30,0.199,0.012625331678811452,0.05
Hopper-v5,DDPG,PPO,t-test,0.01,2,0.03,0.005394441583704471,0.01
Hopper-v5,DDPG,PPO,Welch t-test,0.01,2,0.008,0.0028170906978654416,0.01
Hopper-v5,DDPG,PPO,Mann-Whitney,0.01,2,0.0,0.0,0.01
Hopper-v5,DDPG,PPO,Ranked t-test,0.01,2,0.0,0.0,0.01
Hopper-v5,DDPG,PPO,t-test,0.01,3,0.016,0.003967870965643918,0.01
Hopper-v5,DDPG,PPO,Welch t-test,0.01,3,0.009,0.002986469487538756,0.01
Hopper-v5,DDPG,PPO,Mann-Whitney,0.01,3,0.0,0.0,0.01
Hopper-v5,DDPG,PPO,Ranked t-test,0.01,3,0.0,0.0,0.01
Hopper-v5,DDPG,PPO,t-test,0.01,5,0.018,0.004204283529925164,0.01
Hopper-v5,DDPG,PPO,Welch t-test,0.01,5,0.014,0.003715373467095872,0.01
Hopper-v5,DDPG,PPO,Mann-Whitney,0.01,5,0.01,0.003146426544510455,0.01
Hopper-v5,DDPG,PPO,Ranked t-test,0.01,5,0.024,0.004839834707921336,0.01
Hopper-v5,DDPG,PPO,t-test,0.01,10,0.015,0.003843826218756514,0.01
Hopper-v5,DDPG,PPO,Welch t-test,0.01,10,0.013,0.003582038525755969,0.01
Hopper-v5,DDPG,PPO,Mann-Whitney,0.01,10,0.016,0.003967870965643918,0.01
Hopper-v5,DDPG,PPO,Ranked t-test,0.01,10,0.029,0.005306505441436953,0.01
Hopper-v5,DDPG,PPO,t-test,0.01,20,0.012,0.003443254274665175,0.01
Hopper-v5,DDPG,PPO,Welch t-test,0.01,20,0.013,0.003582038525755969,0.01
Hopper-v5,DDPG,PPO,Mann-Whitney,0.01,20,0.045,0.0065555320150236475,0.01
Hopper-v5,DDPG,PPO,Ranked t-test,0.01,20,0.037,0.005969170796685248,0.01
Hopper-v5,DDPG,PPO,t-test,0.01,30,0.009,0.002986469487538756,0.01
Hopper-v5,DDPG,PPO,Welch t-test,0.01,30,0.012,0.003443254274665175,0.01
Hopper-v5,DDPG,PPO,Mann-Whitney,0.01,30,0.069,0.008014923580421713,0.01
Hopper-v5,DDPG,PPO,Ranked t-test,0.01,30,0.069,0.008014923580421713,0.01
Walker2d-v5,SAC,TD3,t-test,0.05,2,0.043,0.006414904519944158,0.05
Walker2d-v5,SAC,TD3,Welch t-test,0.05,2,0.018,0.004204283529925164,0.05
Walker2d-v5,SAC,TD3,Mann-Whitney,0.05,2,0.0,0.0,0.05
Walker2d-v5,SAC,TD3,Ranked t-test,0.05,2,0.0,0.0,0.05
Walker2d-v5,SAC,TD3,t-test,0.05,3,0.036,0.005891010100144117,0.05
Walker2d-v5,SAC,TD3,Welch t-test,0.05,3,0.03,0.005394441583704471,0.05
Walker2d-v5,SAC,TD3,Mann-Whitney,0.05,3,0.0,0.0,0.05
Walker2d-v5,SAC,TD3,Ranked t-test,0.05,3,0.098,0.009401914698613257,0.05
Walker2d-v5,SAC,TD3,t-test,0.05,5,0.046,0.006624499981130651,0.05
Walker2d-v5,SAC,TD3,Welch t-test,0.05,5,0.033,0.005648982209212559,0.05
Walker2d-v5,SAC,TD3,Mann-Whitney,0.05,5,0.03,0.005394441583704471,0.05
Walker2d-v5,SAC,TD3,Ranked t-test,0.05,5,0.075,0.008329165624478841,0.05
Walker2d-v5,SAC,TD3,t-test,0.05,10,0.056,0.007270763371201128,0.05
Walker2d-v5,SAC,TD3,Welch t-test,0.05,10,0.038,0.006046155803483731,0.05
Walker2d-v5,SAC,TD3,Mann-Whitney,0.05,10,0.054,0.007147307185227175,0.05
Walker2d-v5,SAC,TD3,Ranked t-test,0.05,10,0.057,0.007331507348424334,0.05
Walker2d-v5,SAC,TD3,t-test,0.05,20,0.045,0.0065555320150236475,0.05
Walker2d-v5,SAC,TD3,Welch t-test,0.05,20,0.044,0.006485676526007136,0.05
Walker2d-v5,SAC,TD3,Mann-Whitney,0.05,20,0.072,0.008174105455644672,0.05
Walker2d-v5,SAC,TD3,Ranked t-test,0.05,20,0.059,0.007451107300260815,0.05
Walker2d-v5,SAC,TD3,t-test,0.05,30,0.034,0.005730968504537431,0.05
Walker2d-v5,SAC,TD3,Welch t-test,0.05,30,0.054,0.007147307185227175,0.05
Walker2d-v5,SAC,TD3,Mann-Whitney,0.05,30,0.067,0.007906389820898032,0.05
Walker2d-v5,SAC,TD3,Ranked t-test,0.05,30,0.085,0.008819013550278738,0.05
Walker2d-v5,SAC,TD3,t-test,0.01,2,0.01,0.003146426544510455,0.01
Walker2d-v5,SAC,TD3,Welch t-test,0.01,2,0.005,0.0022304708023195463,0.01
Walker2d-v5,SAC,TD3,Mann-Whitney,0.01,2,0.0,0.0,0.01
Walker2d-v5,SAC,TD3,Ranked t-test,0.01,2,0.002,0.0014127986409959489,0.01
Walker2d-v5,SAC,TD3,t-test,0.01,3,0.009,0.002986469487538756,0.01
Walker2d-v5,SAC,TD3,Welch t-test,0.01,3,0.005,0.0022304708023195463,0.01
Walker2d-v5,SAC,TD3,Mann-Whitney,0.01,3,0.0,0.0,0.01
Walker2d-v5,SAC,TD3,Ranked t-test,0.01,3,0.0,0.0,0.01
Walker2d-v5,SAC,TD3,t-test,0.01,5,0.011,0.003298332912245215,0.01
Walker2d-v5,SAC,TD3,Welch t-test,0.01,5,0.006,0.002442130217658346,0.01
Walker2d-v5,SAC,TD3,Mann-Whitney,0.01,5,0.006,0.002442130217658346,0.01
Walker2d-v5,SAC,TD3,Ranked t-test,0.01,5,0.018,0.004204283529925164,0.01
Walker2d-v5,SAC,TD3,t-test,0.01,10,0.005,0.0022304708023195463,0.01
Walker2d-v5,SAC,TD3,Welch t-test,0.01,10,0.002,0.0014127986409959489,0.01
Walker2d-v5,SAC,TD3,Mann-Whitney,0.01,10,0.004,0.001995995991979944,0.01
Walker2d-v5,SAC,TD3,Ranked t-test,0.01,10,0.016,0.003967870965643918,0.01
Walker2d-v5,SAC,TD3,t-test,0.01,20,0.007,0.0026364749192814255,0.01
Walker2d-v5,SAC,TD3,Welch t-test,0.01,20,0.004,0.001995995991979944,0.01
Walker2d-v5,SAC,TD3,Mann-Whitney,0.01,20,0.012,0.003443254274665175,0.01
Walker2d-v5,SAC,TD3,Ranked t-test,0.01,20,0.018,0.004204283529925164,0.01
Walker2d-v5,SAC,TD3,t-test,0.01,30,0.008,0.0028170906978654416,0.01
Walker2d-v5,SAC,TD3,Welch t-test,0.01,30,0.009,0.002986469487538756,0.01
Walker2d-v5,SAC,TD3,Mann-Whitney,0.01,30,0.023,0.004740358636221525,0.01
Walker2d-v5,SAC,TD3,Ranked t-test,0.01,30,0.025,0.0049371044145328745,0.01
Walker2d-v5,SAC,DDPG,t-test,0.05,2,0.069,0.008014923580421713,0.05
Walker2d-v5,SAC,DDPG,Welch t-test,0.05,2,0.026,0.0050322956987840055,0.05
Walker2d-v5,SAC,DDPG,Mann-Whitney,0.05,2,0.0,0.0,0.05
Walker2d-v5,SAC,DDPG,Ranked t-test,0.05,2,0.0,0.0,0.05
Walker2d-v5,SAC,DDPG,t-test,0.05,3,0.08,0.008579044235810887,0.05
Walker2d-v5,SAC,DDPG,Welch t-test,0.05,3,0.042,0.0063431853196954605,0.05
Walker2d-v5,SAC,DDPG,Mann-Whitney,0.05,3,0.0,0.0,0.05
Walker2d-v5,SAC,DDPG,Ranked t-test,0.05,3,0.137,0.010873407929439602,0.05
Walker2d-v5,SAC,DDPG,t-test,0.05,5,0.077,0.00843036179532053,0.05
Walker2d-v5,SAC,DDPG,Welch t-test,0.05,5,0.061,0.0075682891065286355,0.05
Walker2d-v5,SAC,DDPG,Mann-Whitney,0.05,5,0.042,0.0063431853196954605,0.05
Walker2d-v5,SAC,DDPG,Ranked t-test,0.05,5,0.07,0.008068457101577725,0.05
Walker2d-v5,SAC,DDPG,t-test,0.05,10,0.065,0.007795832219846705,0.05
Walker2d-v5,SAC,DDPG,Welch t-test,0.05,10,0.043,0.006414904519944158,0.05
Walker2d-v5,SAC,DDPG,Mann-Whitney,0.05,10,0.059,0.007451107300260815,0.05
Walker2d-v5,SAC,DDPG,Ranked t-test,0.05,10,0.068,0.007960904471226871,0.05
Walker2d-v5,SAC,DDPG,t-test,0.05,20,0.05,0.006892024376045111,0.05
Walker2d-v5,SAC,DDPG,Welch t-test,0.05,20,0.059,0.007451107300260815,0.05
Walker2d-v5,SAC,DDPG,Mann-Whitney,0.05,20,0.074,0.00827792244467173,0.05
Walker2d-v5,SAC,DDPG,Ranked t-test,0.05,20,0.065,0.007795832219846705,0.05
Walker2d-v5,SAC,DDPG,t-test,0.05,30,0.065,0.007795832219846705,0.05
Walker2d-v5,SAC,DDPG,Welch t-test,0.05,30,0.061,0.0075682891065286355,0.05
Walker2d-v5,SAC,DDPG,Mann-Whitney,0.05,30,0.073,0.008226238508577295,0.05
Walker2d-v5,SAC,DDPG,Ranked t-test,0.05,30,0.076,0.008379976133617566,0.05
Walker2d-v5,SAC,DDPG,t-test,0.01,2,0.018,0.004204283529925164,0.01
Walker2d-v5,SAC,DDPG,Welch t-test,0.01,2,0.004,0.001995995991979944,0.01
Walker2d-v5,SAC,DDPG,Mann-Whitney,0.01,2,0.0,0.0,0.01
Walker2d-v5,SAC,DDPG,Ranked t-test,0.01,2,0.0,0.0,0.01
Walker2d-v5,SAC,DDPG,t-test,0.01,3,0.023,0.004740358636221525,0.01
Walker2d-v5,SAC,DDPG,Welch t-test,0.01,3,0.01,0.003146426544510455,0.01
Walker2d-v5,SAC,DDPG,Mann-Whitney,0.01,3,0.0,0.0,0.01
Walker2d-v5,SAC,DDPG,Ranked t-test,0.01,3,0.001,0.0009994998749374609,0.01
Walker2d-v5,SAC,DDPG,t-test,0.01,5,0.019,0.004317290817167636,0.01
Walker2d-v5,SAC,DDPG,Welch t-test,0.01,5,0.012,0.003443254274665175,0.01
Walker2d-v5,SAC,DDPG,Mann-Whitney,0.01,5,0.005,0.0022304708023195463,0.01
Walker2d-v5,SAC,DDPG,Ranked t-test,0.01,5,0.025,0.0049371044145328745,0.01
Walker2d-v5,SAC,DDPG,t-test,0.01,10,0.009,0.002986469487538756,0.01
Walker2d-v5,SAC,DDPG,Welch t-test,0.01,10,0.008,0.0028170906978654416,0.01
Walker2d-v5,SAC,DDPG,Mann-Whitney,0.01,10,0.01,0.003146426544510455,0.01
Walker2d-v5,SAC,DDPG,Ranked t-test,0.01,10,0.018,0.004204283529925164,0.01
Walker2d-v5,SAC,DDPG,t-test,0.01,20,0.019,0.004317290817167636,0.01
Walker2d-v5,SAC,DDPG,Welch t-test,0.01,20,0.013,0.003582038525755969,0.01
Walker2d-v5,SAC,DDPG,Mann-Whitney,0.01,20,0.01,0.003146426544510455,0.01
Walker2d-v5,SAC,DDPG,Ranked t-test,0.01,20,0.027,0.00512552436341883,0.01
Walker2d-v5,SAC,DDPG,t-test,0.01,30,0.007,0.0026364749192814255,0.01
Walker2d-v5,SAC,DDPG,Welch t-test,0.01,30,0.005,0.0022304708023195463,0.01
Walker2d-v5,SAC,DDPG,Mann-Whitney,0.01,30,0.017,0.004087909000944126,0.01
Walker2d-v5,SAC,DDPG,Ranked t-test,0.01,30,0.017,0.004087909000944126,0.01
Walker2d-v5,SAC,PPO,t-test,0.05,2,0.066,0.007851369307324678,0.05
Walker2d-v5,SAC,PPO,Welch t-test,0.05,2,0.036,0.005891010100144117,0.05
Walker2d-v5,SAC,PPO,Mann-Whitney,0.05,2,0.0,0.0,0.05
Walker2d-v5,SAC,PPO,Ranked t-test,0.05,2,0.0,0.0,0.05
Walker2d-v5,SAC,PPO,t-test,0.05,3,0.086,0.008865889690267977,0.05
Walker2d-v5,SAC,PPO,Welch t-test,0.05,3,0.059,0.007451107300260815,0.05
Walker2d-v5,SAC,PPO,Mann-Whitney,0.05,3,0.0,0.0,0.05
Walker2d-v5,SAC,PPO,Ranked t-test,0.05,3,0.154,0.011414201680362931,0.05
Walker2d-v5,SAC,PPO,t-test,0.05,5,0.072,0.008174105455644672,0.05
Walker2d-v5,SAC,PPO,Welch t-test,0.05,5,0.065,0.007795832219846705,0.05
Walker2d-v5,SAC,PPO,Mann-Whitney,0.05,5,0.041,0.006270486424512854,0.05
Walker2d-v5,SAC,PPO,Ranked t-test,0.05,5,0.06,0.007509993342207435,0.05
Walker2d-v5,SAC,PPO,t-test,0.05,10,0.054,0.007147307185227175,0.05
Walker2d-v5,SAC,PPO,Welch t-test,0.05,10,0.053,0.00708456067798138,0.05
Walker2d-v5,SAC,PPO,Mann-Whitney,0.05,10,0.066,0.007851369307324678,0.05
Walker2d-v5,SAC,PPO,Ranked t-test,0.05,10,0.085,0.008819013550278738,0.05
Walker2d-v5,SAC,PPO,t-test,0.05,20,0.05,0.006892024376045111,0.05
Walker2d-v5,SAC,PPO,Welch t-test,0.05,20,0.05,0.006892024376045111,0.05
Walker2d-v5,SAC,PPO,Mann-Whitney,0.05,20,0.096,0.009315793041926168,0.05
Walker2d-v5,SAC,PPO,Ranked t-test,0.05,20,0.093,0.009184280047995052,0.05
Walker2d-v5,SAC,PPO,t-test,0.05,30,0.052,0.007021111023192838,0.05
Walker2d-v5,SAC,PPO,Welch t-test,0.05,30,0.044,0.006485676526007136,0.05
Walker2d-v5,SAC,PPO,Mann-Whitney,0.05,30,0.12,0.010276186062932104,0.05
Walker2d-v5,SAC,PPO,Ranked t-test,0.05,30,0.13,0.010634848376916336,0.05
Walker2d-v5,SAC,PPO,t-test,0.01,2,0.015,0.003843826218756514,0.01
Walker2d-v5,SAC,PPO,Welch t-test,0.01,2,0.006,0.002442130217658346,0.01
Walker2d-v5,SAC,PPO,Mann-Whitney,0.01,2,0.0,0.0,0.01
Walker2d-v5,SAC,PPO,Ranked t-test,0.01,2,0.0,0.0,0.01
Walker2d-v5,SAC,PPO,t-test,0.01,3,0.017,0.004087909000944126,0.01
Walker2d-v5,SAC,PPO,Welch t-test,0.01,3,0.011,0.003298332912245215,0.01
Walker2d-v5,SAC,PPO,Mann-Whitney,0.01,3,0.0,0.0,0.01
Walker2d-v5,SAC,PPO,Ranked t-test,0.01,3,0.001,0.0009994998749374609,0.01
Walker2d-v5,SAC,PPO,t-test,0.01,5,0.017,0.004087909000944126,0.01
Walker2d-v5,SAC,PPO,Welch t-test,0.01,5,0.017,0.004087909000944126,0.01
Walker2d-v5,SAC,PPO,Mann-Whitney,0.01,5,0.011,0.003298332912245215,0.01
Walker2d-v5,SAC,PPO,Ranked t-test,0.01,5,0.018,0.004204283529925164,0.01
Walker2d-v5,SAC,PPO,t-test,0.01,10,0.016,0.003967870965643918,0.01
Walker2d-v5,SAC,PPO,Welch t-test,0.01,10,0.013,0.003582038525755969,0.01
Walker2d-v5,SAC,PPO,Mann-Whitney,0.01,10,0.02,0.004427188724235731,0.01
Walker2d-v5,SAC,PPO,Ranked t-test,0.01,10,0.022,0.0046385342512479085,0.01
Walker2d-v5,SAC,PPO,t-test,0.01,20,0.017,0.004087909000944126,0.01
Walker2d-v5,SAC,PPO,Welch t-test,0.01,20,0.007,0.0026364749192814255,0.01
Walker2d-v5,SAC,PPO,Mann-Whitney,0.01,20,0.021,0.004534203347888138,0.01
Walker2d-v5,SAC,PPO,Ranked t-test,0.01,20,0.023,0.004740358636221525,0.01
Walker2d-v5,SAC,PPO,t-test,0.01,30,0.016,0.003967870965643918,0.01
Walker2d-v5,SAC,PPO,Welch t-test,0.01,30,0.008,0.0028170906978654416,0.01
Walker2d-v5,SAC,PPO,Mann-Whitney,0.01,30,0.044,0.006485676526007136,0.01
Walker2d-v5,SAC,PPO,Ranked t-test,0.01,30,0.032,0.005565608681896348,0.01
Walker2d-v5,TD3,DDPG,t-test,0.05,2,0.057,0.007331507348424334,0.05
Walker2d-v5,TD3,DDPG,Welch t-test,0.05,2,0.035,0.005811626278418116,0.05
Walker2d-v5,TD3,DDPG,Mann-Whitney,0.05,2,0.0,0.0,0.05
Walker2d-v5,TD3,DDPG,Ranked t-test,0.05,2,0.0,0.0,0.05
Walker2d-v5,TD3,DDPG,t-test,0.05,3,0.064,0.007739767438366608,0.05
Walker2d-v5,TD3,DDPG,Welch t-test,0.05,3,0.06,0.007509993342207435,0.05
Walker2d-v5,TD3,DDPG,Mann-Whitney,0.05,3,0.0,0.0,0.05
Walker2d-v5,TD3,DDPG,Ranked t-test,0.05,3,0.135,0.010806248192596726,0.05
Walker2d-v5,TD3,DDPG,t-test,0.05,5,0.058,0.007391616873188166,0.05
Walker2d-v5,TD3,DDPG,Welch t-test,0.05,5,0.053,0.00708456067798138,0.05
Walker2d-v5,TD3,DDPG,Mann-Whitney,0.05,5,0.042,0.0063431853196954605,0.05
Walker2d-v5,TD3,DDPG,Ranked t-test,0.05,5,0.077,0.00843036179532053,0.05
Walker2d-v5,TD3,DDPG,t-test,0.05,10,0.065,0.007795832219846705,0.05
Walker2d-v5,TD3,DDPG,Welch t-test,0.05,10,0.054,0.007147307185227175,0.05
Walker2d-v5,TD3,DDPG,Mann-Whitney,0.05,10,0.049,0.006826346021115542,0.05
Walker2d-v5,TD3,DDPG,Ranked t-test,0.05,10,0.059,0.007451107300260815,0.05
Walker2d-v5,TD3,DDPG,t-test,0.05,20,0.051,0.00695693898205238,0.05
Walker2d-v5,TD3,DDPG,Welch t-test,0.05,20,0.037,0.005969170796685248,0.05
Walker2d-v5,TD3,DDPG,Mann-Whitney,0.05,20,0.052,0.007021111023192838,0.05
Walker2d-v5,TD3,DDPG,Ranked t-test,0.05,20,0.07,0.008068457101577725,0.05
Walker2d-v5,TD3,DDPG,t-test,0.05,30,0.057,0.007331507348424334,0.05
Walker2d-v5,TD3,DDPG,Welch t-test,0.05,30,0.044,0.006485676526007136,0.05
Walker2d-v5,TD3,DDPG,Mann-Whitney,0.05,30,0.068,0.007960904471226871,0.05
Walker2d-v5,TD3,DDPG,Ranked t-test,0.05,30,0.067,0.007906389820898032,0.05
Walker2d-v5,TD3,DDPG,t-test,0.01,2,0.015,0.003843826218756514,0.01
Walker2d-v5,TD3,DDPG,Welch t-test,0.01,2,0.009,0.002986469487538756,0.01
Walker2d-v5,TD3,DDPG,Mann-Whitney,0.01,2,0.0,0.0,0.01
Walker2d-v5,TD3,DDPG,Ranked t-test,0.01,2,0.0,0.0,0.01
Walker2d-v5,TD3,DDPG,t-test,0.01,3,0.006,0.002442130217658346,0.01
Walker2d-v5,TD3,DDPG,Welch t-test,0.01,3,0.005,0.0022304708023195463,0.01
Walker2d-v5,TD3,DDPG,Mann-Whitney,0.01,3,0.0,0.0,0.01
Walker2d-v5,TD3,DDPG,Ranked t-test,0.01,3,0.001,0.0009994998749374609,0.01
Walker2d-v5,TD3,DDPG,t-test,0.01,5,0.009,0.002986469487538756,0.01
Walker2d-v5,TD3,DDPG,Welch t-test,0.01,5,0.007,0.0026364749192814255,0.01
Walker2d-v5,TD3,DDPG,Mann-Whitney,0.01,5,0.009,0.002986469487538756,0.01
Walker2d-v5,TD3,DDPG,Ranked t-test,0.01,5,0.036,0.005891010100144117,0.01
Walker2d-v5,TD3,DDPG,t-test,0.01,10,0.01,0.003146426544510455,0.01
Walker2d-v5,TD3,DDPG,Welch t-test,0.01,10,0.009,0.002986469487538756,0.01
Walker2d-v5,TD3,DDPG,Mann-Whitney,0.01,10,0.007,0.0026364749192814255,0.01
Walker2d-v5,TD3,DDPG,Ranked t-test,0.01,10,0.015,0.003843826218756514,0.01
Walker2d-v5,TD3,DDPG,t-test,0.01,20,0.013,0.003582038525755969,0.01
Walker2d-v5,TD3,DDPG,Welch t-test,0.01,20,0.007,0.0026364749192814255,0.01
Walker2d-v5,TD3,DDPG,Mann-Whitney,0.01,20,0.022,0.0046385342512479085,0.01
Walker2d-v5,TD3,DDPG,Ranked t-test,0.01,20,0.019,0.004317290817167636,0.01
Walker2d-v5,TD3,DDPG,t-test,0.01,30,0.008,0.0028170906978654416,0.01
Walker2d-v5,TD3,DDPG,Welch t-test,0.01,30,0.012,0.003443254274665175,0.01
Walker2d-v5,TD3,DDPG,Mann-Whitney,0.01,30,0.014,0.003715373467095872,0.01
Walker2d-v5,TD3,DDPG,Ranked t-test,0.01,30,0.009,0.002986469487538756,0.01
Walker2d-v5,TD3,PPO,t-test,0.05,2,0.072,0.008174105455644672,0.05
Walker2d-v5,TD3,PPO,Welch t-test,0.05,2,0.039,0.006122009474020765,0.05
Walker2d-v5,TD3,PPO,Mann-Whitney,0.05,2,0.0,0.0,0.05
Walker2d-v5,TD3,PPO,Ranked t-test,0.05,2,0.0,0.0,0.05
Walker2d-v5,TD3,PPO,t-test,0.05,3,0.079,0.008529888627643388,0.05
Walker2d-v5,TD3,PPO,Welch t-test,0.05,3,0.044,0.006485676526007136,0.05
Walker2d-v5,TD3,PPO,Mann-Whitney,0.05,3,0.0,0.0,0.05
Walker2d-v5,TD3,PPO,Ranked t-test,0.05,3,0.128,0.010564847372300274,0.05
Walker2d-v5,TD3,PPO,t-test,0.05,5,0.052,0.007021111023192838,0.05
Walker2d-v5,TD3,PPO,Welch t-test,0.05,5,0.059,0.007451107300260815,0.05
Walker2d-v5,TD3,PPO,Mann-Whitney,0.05,5,0.039,0.006122009474020765,0.05
Walker2d-v5,TD3,PPO,Ranked t-test,0.05,5,0.068,0.007960904471226871,0.05
Walker2d-v5,TD3,PPO,t-test,0.05,10,0.046,0.006624499981130651,0.05
Walker2d-v5,TD3,PPO,Welch t-test,0.05,10,0.051,0.00695693898205238,0.05
Walker2d-v5,TD3,PPO,Mann-Whitney,0.05,10,0.041,0.006270486424512854,0.05
Walker2d-v5,TD3,PPO,Ranked t-test,0.05,10,0.077,0.00843036179532053,0.05
Walker2d-v5,TD3,PPO,t-test,0.05,20,0.049,0.006826346021115542,0.05
Walker2d-v5,TD3,PPO,Welch t-test,0.05,20,0.051,0.00695693898205238,0.05
Walker2d-v5,TD3,PPO,Mann-Whitney,0.05,20,0.065,0.007795832219846705,0.05
Walker2d-v5,TD3,PPO,Ranked t-test,0.05,20,0.065,0.007795832219846705,0.05
Walker2d-v5,TD3,PPO,t-test,0.05,30,0.051,0.00695693898205238,0.05
Walker2d-v5,TD3,PPO,Welch t-test,0.05,30,0.044,0.006485676526007136,0.05
Walker2d-v5,TD3,PPO,Mann-Whitney,0.05,30,0.076,0.008379976133617566,0.05
Walker2d-v5,TD3,PPO,Ranked t-test,0.05,30,0.064,0.007739767438366608,0.05
Walker2d-v5,TD3,PPO,t-test,0.01,2,0.021,0.004534203347888138,0.01
Walker2d-v5,TD3,PPO,Welch t-test,0.01,2,0.003,0.001729450779872038,0.01
Walker2d-v5,TD3,PPO,Mann-Whitney,0.01,2,0.0,0.0,0.01
Walker2d-v5,TD3,PPO,Ranked t-test,0.01,2,0.001,0.0009994998749374609,0.01
Walker2d-v5,TD3,PPO,t-test,0.01,3,0.018,0.004204283529925164,0.01
Walker2d-v5,TD3,PPO,Welch t-test,0.01,3,0.006,0.002442130217658346,0.01
Walker2d-v5,TD3,PPO,Mann-Whitney,0.01,3,0.0,0.0,0.01
Walker2d-v5,TD3,PPO,Ranked t-test,0.01,3,0.0,0.0,0.01
Walker2d-v5,TD3,PPO,t-test,0.01,5,0.02,0.004427188724235731,0.01
Walker2d-v5,TD3,PPO,Welch t-test,0.01,5,0.011,0.003298332912245215,0.01
Walker2d-v5,TD3,PPO,Mann-Whitney,0.01,5,0.007,0.0026364749192814255,0.01
Walker2d-v5,TD3,PPO,Ranked t-test,0.01,5,0.018,0.004204283529925164,0.01
Walker2d-v5,TD3,PPO,t-test,0.01,10,0.019,0.004317290817167636,0.01
Walker2d-v5,TD3,PPO,Welch t-test,0.01,10,0.015,0.003843826218756514,0.01
Walker2d-v5,TD3,PPO,Mann-Whitney,0.01,10,0.007,0.0026364749192814255,0.01
Walker2d-v5,TD3,PPO,Ranked t-test,0.01,10,0.017,0.004087909000944126,0.01
Walker2d-v5,TD3,PPO,t-test,0.01,20,0.016,0.003967870965643918,0.01
Walker2d-v5,TD3,PPO,Welch t-test,0.01,20,0.013,0.003582038525755969,0.01
Walker2d-v5,TD3,PPO,Mann-Whitney,0.01,20,0.01,0.003146426544510455,0.01
Walker2d-v5,TD3,PPO,Ranked t-test,0.01,20,0.019,0.004317290817167636,0.01
Walker2d-v5,TD3,PPO,t-test,0.01,30,0.008,0.0028170906978654416,0.01
Walker2d-v5,TD3,PPO,Welch t-test,0.01,30,0.013,0.003582038525755969,0.01
Walker2d-v5,TD3,PPO,Mann-Whitney,0.01,30,0.017,0.004087909000944126,0.01
Walker2d-v5,TD3,PPO,Ranked t-test,0.01,30,0.019,0.004317290817167636,0.01
Walker2d-v5,DDPG,PPO,t-test,0.05,2,0.045,0.0065555320150236475,0.05
Walker2d-v5,DDPG,PPO,Welch t-test,0.05,2,0.024,0.004839834707921336,0.05
Walker2d-v5,DDPG,PPO,Mann-Whitney,0.05,2,0.0,0.0,0.05
Walker2d-v5,DDPG,PPO,Ranked t-test,0.05,2,0.0,0.0,0.05
Walker2d-v5,DDPG,PPO,t-test,0.05,3,0.05,0.006892024376045111,0.05
Walker2d-v5,DDPG,PPO,Welch t-test,0.05,3,0.038,0.006046155803483731,0.05
Walker2d-v5,DDPG,PPO,Mann-Whitney,0.05,3,0.0,0.0,0.05
Walker2d-v5,DDPG,PPO,Ranked t-test,0.05,3,0.105,0.009694070352540258,0.05
Walker2d-v5,DDPG,PPO,t-test,0.05,5,0.051,0.00695693898205238,0.05
Walker2d-v5,DDPG,PPO,Welch t-test,0.05,5,0.044,0.006485676526007136,0.05
Walker2d-v5,DDPG,PPO,Mann-Whitney,0.05,5,0.037,0.005969170796685248,0.05
Walker2d-v5,DDPG,PPO,Ranked t-test,0.05,5,0.055,0.00720936890441875,0.05
Walker2d-v5,DDPG,PPO,t-test,0.05,10,0.046,0.006624499981130651,0.05
Walker2d-v5,DDPG,PPO,Welch t-test,0.05,10,0.052,0.007021111023192838,0.05
Walker2d-v5,DDPG,PPO,Mann-Whitney,0.05,10,0.049,0.006826346021115542,0.05
Walker2d-v5,DDPG,PPO,Ranked t-test,0.05,10,0.05,0.006892024376045111,0.05
Walker2d-v5,DDPG,PPO,t-test,0.05,20,0.041,0.006270486424512854,0.05
Walker2d-v5,DDPG,PPO,Welch t-test,0.05,20,0.046,0.006624499981130651,0.05
Walker2d-v5,DDPG,PPO,Mann-Whitney,0.05,20,0.076,0.008379976133617566,0.05
Walker2d-v5,DDPG,PPO,Ranked t-test,0.05,20,0.063,0.007683163410991596,0.05
Walker2d-v5,DDPG,PPO,t-test,0.05,30,0.043,0.006414904519944158,0.05
Walker2d-v5,DDPG,PPO,Welch t-test,0.05,30,0.058,0.007391616873188166,0.05
Walker2d-v5,DDPG,PPO,Mann-Whitney,0.05,30,0.073,0.008226238508577295,0.05
Walker2d-v5,DDPG,PPO,Ranked t-test,0.05,30,0.056,0.007270763371201128,0.05
Walker2d-v5,DDPG,PPO,t-test,0.01,2,0.014,0.003715373467095872,0.01
Walker2d-v5,DDPG,PPO,Welch t-test,0.01,2,0.006,0.002442130217658346,0.01
Walker2d-v5,DDPG,PPO,Mann-Whitney,0.01,2,0.0,0.0,0.01
Walker2d-v5,DDPG,PPO,Ranked t-test,0.01,2,0.0,0.0,0.01
Walker2d-v5,DDPG,PPO,t-test,0.01,3,0.011,0.003298332912245215,0.01
Walker2d-v5,DDPG,PPO,Welch t-test,0.01,3,0.009,0.002986469487538756,0.01
Walker2d-v5,DDPG,PPO,Mann-Whitney,0.01,3,0.0,0.0,0.01
Walker2d-v5,DDPG,PPO,Ranked t-test,0.01,3,0.001,0.0009994998749374609,0.01
Walker2d-v5,DDPG,PPO,t-test,0.01,5,0.012,0.003443254274665175,0.01
Walker2d-v5,DDPG,PPO,Welch t-test,0.01,5,0.008,0.0028170906978654416,0.01
Walker2d-v5,DDPG,PPO,Mann-Whitney,0.01,5,0.007,0.0026364749192814255,0.01
Walker2d-v5,DDPG,PPO,Ranked t-test,0.01,5,0.018,0.004204283529925164,0.01
Walker2d-v5,DDPG,PPO,t-test,0.01,10,0.006,0.002442130217658346,0.01
Walker2d-v5,DDPG,PPO,Welch t-test,0.01,10,0.01,0.003146426544510455,0.01
Walker2d-v5,DDPG,PPO,Mann-Whitney,0.01,10,0.006,0.002442130217658346,0.01
Walker2d-v5,DDPG,PPO,Ranked t-test,0.01,10,0.014,0.003715373467095872,0.01
Walker2d-v5,DDPG,PPO,t-test,0.01,20,0.01,0.003146426544510455,0.01
Walker2d-v5,DDPG,PPO,Welch t-test,0.01,20,0.007,0.0026364749192814255,0.01
Walker2d-v5,DDPG,PPO,Mann-Whitney,0.01,20,0.015,0.003843826218756514,0.01
Walker2d-v5,DDPG,PPO,Ranked t-test,0.01,20,0.015,0.003843826218756514,0.01
Walker2d-v5,DDPG,PPO,t-test,0.01,30,0.009,0.002986469487538756,0.01
Walker2d-v5,DDPG,PPO,Welch t-test,0.01,30,0.007,0.0026364749192814255,0.01
Walker2d-v5,DDPG,PPO,Mann-Whitney,0.01,30,0.018,0.004204283529925164,0.01
Walker2d-v5,DDPG,PPO,Ranked t-test,0.01,30,0.01,0.003146426544510455,0.01
HalfCheetah-v5,SAC,TD3,t-test,0.05,2,0.072,0.008174105455644672,0.05
HalfCheetah-v5,SAC,TD3,Welch t-test,0.05,2,0.04,0.0061967733539318665,0.05
HalfCheetah-v5,SAC,TD3,Mann-Whitney,0.05,2,0.0,0.0,0.05
HalfCheetah-v5,SAC,TD3,Ranked t-test,0.05,2,0.0,0.0,0.05
HalfCheetah-v5,SAC,TD3,t-test,0.05,3,0.042,0.0063431853196954605,0.05
HalfCheetah-v5,SAC,TD3,Welch t-test,0.05,3,0.019,0.004317290817167636,0.05
HalfCheetah-v5,SAC,TD3,Mann-Whitney,0.05,3,0.0,0.0,0.05
HalfCheetah-v5,SAC,TD3,Ranked t-test,0.05,3,0.113,0.01001154333756789,0.05
HalfCheetah-v5,SAC,TD3,t-test,0.05,5,0.054,0.007147307185227175,0.05
HalfCheetah-v5,SAC,TD3,Welch t-test,0.05,5,0.028,0.005216895628628198,0.05
HalfCheetah-v5,SAC,TD3,Mann-Whitney,0.05,5,0.032,0.005565608681896348,0.05
HalfCheetah-v5,SAC,TD3,Ranked t-test,0.05,5,0.062,0.007626008130076967,0.05
HalfCheetah-v5,SAC,TD3,t-test,0.05,10,0.043,0.006414904519944158,0.05
HalfCheetah-v5,SAC,TD3,Welch t-test,0.05,10,0.056,0.007270763371201128,0.05
HalfCheetah-v5,SAC,TD3,Mann-Whitney,0.05,10,0.052,0.007021111023192838,0.05
HalfCheetah-v5,SAC,TD3,Ranked t-test,0.05,10,0.073,0.008226238508577295,0.05
HalfCheetah-v5,SAC,TD3,t-test,0.05,20,0.063,0.007683163410991596,0.05
HalfCheetah-v5,SAC,TD3,Welch t-test,0.05,20,0.038,0.006046155803483731,0.05
HalfCheetah-v5,SAC,TD3,Mann-Whitney,0.05,20,0.092,0.00913980306133562,0.05
HalfCheetah-v5,SAC,TD3,Ranked t-test,0.05,20,0.076,0.008379976133617566,0.05
HalfCheetah-v5,SAC,TD3,t-test,0.05,30,0.046,0.006624499981130651,0.05
HalfCheetah-v5,SAC,TD3,Welch t-test,0.05,30,0.051,0.00695693898205238,0.05
HalfCheetah-v5,SAC,TD3,Mann-Whitney,0.05,30,0.079,0.008529888627643388,0.05
HalfCheetah-v5,SAC,TD3,Ranked t-test,0.05,30,0.103,0.009612023720320296,0.05
HalfCheetah-v5,SAC,TD3,t-test,0.01,2,0.03,0.005394441583704471,0.01
HalfCheetah-v5,SAC,TD3,Welch t-test,0.01,2,0.019,0.004317290817167636,0.01
HalfCheetah-v5,SAC,TD3,Mann-Whitney,0.01,2,0.0,0.0,0.01
HalfCheetah-v5,SAC,TD3,Ranked t-test,0.01,2,0.0,0.0,0.01
HalfCheetah-v5,SAC,TD3,t-test,0.01,3,0.025,0.0049371044145328745,0.01
HalfCheetah-v5,SAC,TD3,Welch t-test,0.01,3,0.007,0.0026364749192814255,0.01
HalfCheetah-v5,SAC,TD3,Mann-Whitney,0.01,3,0.0,0.0,0.01
HalfCheetah-v5,SAC,TD3,Ranked t-test,0.01,3,0.0,0.0,0.01
HalfCheetah-v5,SAC,TD3,t-test,0.01,5,0.01,0.003146426544510455,0.01
HalfCheetah-v5,SAC,TD3,Welch t-test,0.01,5,0.003,0.001729450779872038,0.01
HalfCheetah-v5,SAC,TD3,Mann-Whitney,0.01,5,0.005,0.0022304708023195463,0.01
HalfCheetah-v5,SAC,TD3,Ranked t-test,0.01,5,0.021,0.004534203347888138,0.01
HalfCheetah-v5,SAC,TD3,t-test,0.01,10,0.011,0.003298332912245215,0.01
HalfCheetah-v5,SAC,TD3,Welch t-test,0.01,10,0.01,0.003146426544510455,0.01
HalfCheetah-v5,SAC,TD3,Mann-Whitney,0.01,10,0.011,0.003298332912245215,0.01
HalfCheetah-v5,SAC,TD3,Ranked t-test,0.01,10,0.013,0.003582038525755969,0.01
HalfCheetah-v5,SAC,TD3,t-test,0.01,20,0.015,0.003843826218756514,0.01
HalfCheetah-v5,SAC,TD3,Welch t-test,0.01,20,0.016,0.003967870965643918,0.01
HalfCheetah-v5,SAC,TD3,Mann-Whitney,0.01,20,0.018,0.004204283529925164,0.01
HalfCheetah-v5,SAC,TD3,Ranked t-test,0.01,20,0.019,0.004317290817167636,0.01
HalfCheetah-v5,SAC,TD3,t-test,0.01,30,0.011,0.003298332912245215,0.01
HalfCheetah-v5,SAC,TD3,Welch t-test,0.01,30,0.011,0.003298332912245215,0.01
HalfCheetah-v5,SAC,TD3,Mann-Whitney,0.01,30,0.02,0.004427188724235731,0.01
HalfCheetah-v5,SAC,TD3,Ranked t-test,0.01,30,0.022,0.0046385342512479085,0.01
HalfCheetah-v5,SAC,DDPG,t-test,0.05,2,0.142,0.011037934589405754,0.05
HalfCheetah-v5,SAC,DDPG,Welch t-test,0.05,2,0.064,0.007739767438366608,0.05
HalfCheetah-v5,SAC,DDPG,Mann-Whitney,0.05,2,0.0,0.0,0.05
HalfCheetah-v5,SAC,DDPG,Ranked t-test,0.05,2,0.0,0.0,0.05
HalfCheetah-v5,SAC,DDPG,t-test,0.05,3,0.134,0.010772372069326236,0.05
HalfCheetah-v5,SAC,DDPG,Welch t-test,0.05,3,0.099,0.009444522221901964,0.05
HalfCheetah-v5,SAC,DDPG,Mann-Whitney,0.05,3,0.0,0.0,0.05
HalfCheetah-v5,SAC,DDPG,Ranked t-test,0.05,3,0.108,0.009815090422405696,0.05
HalfCheetah-v5,SAC,DDPG,t-test,0.05,5,0.086,0.008865889690267977,0.05
HalfCheetah-v5,SAC,DDPG,Welch t-test,0.05,5,0.077,0.00843036179532053,0.05
HalfCheetah-v5,SAC,DDPG,Mann-Whitney,0.05,5,0.052,0.007021111023192838,0.05
HalfCheetah-v5,SAC,DDPG,Ranked t-test,0.05,5,0.085,0.008819013550278738,0.05
HalfCheetah-v5,SAC,DDPG,t-test,0.05,10,0.064,0.007739767438366608,0.05
HalfCheetah-v5,SAC,DDPG,Welch t-test,0.05,10,0.071,0.008121514637061242,0.05
HalfCheetah-v5,SAC,DDPG,Mann-Whitney,0.05,10,0.093,0.009184280047995052,0.05
HalfCheetah-v5,SAC,DDPG,Ranked t-test,0.05,10,0.13,0.010634848376916336,0.05
HalfCheetah-v5,SAC,DDPG,t-test,0.05,20,0.052,0.007021111023192838,0.05
HalfCheetah-v5,SAC,DDPG,Welch t-test,0.05,20,0.06,0.007509993342207435,0.05
HalfCheetah-v5,SAC,DDPG,Mann-Whitney,0.05,20,0.193,0.012480024038438387,0.05
HalfCheetah-v5,SAC,DDPG,Ranked t-test,0.05,20,0.203,0.012719709116170857,0.05
HalfCheetah-v5,SAC,DDPG,t-test,0.05,30,0.057,0.007331507348424334,0.05
HalfCheetah-v5,SAC,DDPG,Welch t-test,0.05,30,0.057,0.007331507348424334,0.05
HalfCheetah-v5,SAC,DDPG,Mann-Whitney,0.05,30,0.292,0.014378317008607092,0.05
HalfCheetah-v5,SAC,DDPG,Ranked t-test,0.05,30,0.286,0.014289996501049255,0.05
HalfCheetah-v5,SAC,DDPG,t-test,0.01,2,0.036,0.005891010100144117,0.01
HalfCheetah-v5,SAC,DDPG,Welch t-test,0.01,2,0.013,0.003582038525755969,0.01
HalfCheetah-v5,SAC,DDPG,Mann-Whitney,0.01,2,0.0,0.0,0.01
HalfCheetah-v5,SAC,DDPG,Ranked t-test,0.01,2,0.0,0.0,0.01
HalfCheetah-v5,SAC,DDPG,t-test,0.01,3,0.046,0.006624499981130651,0.01
HalfCheetah-v5,SAC,DDPG,Welch t-test,0.01,3,0.025,0.0049371044145328745,0.01
HalfCheetah-v5,SAC,DDPG,Mann-Whitney,0.01,3,0.0,0.0,0.01
HalfCheetah-v5,SAC,DDPG,Ranked t-test,0.01,3,0.0,0.0,0.01
HalfCheetah-v5,SAC,DDPG,t-test,0.01,5,0.046,0.006624499981130651,0.01
HalfCheetah-v5,SAC,DDPG,Welch t-test,0.01,5,0.026,0.0050322956987840055,0.01
HalfCheetah-v5,SAC,DDPG,Mann-Whitney,0.01,5,0.005,0.0022304708023195463,0.01
HalfCheetah-v5,SAC,DDPG,Ranked t-test,0.01,5,0.021,0.004534203347888138,0.01
HalfCheetah-v5,SAC,DDPG,t-test,0.01,10,0.032,0.005565608681896348,0.01
HalfCheetah-v5,SAC,DDPG,Welch t-test,0.01,10,0.028,0.005216895628628198,0.01
HalfCheetah-v5,SAC,DDPG,Mann-Whitney,0.01,10,0.017,0.004087909000944126,0.01
HalfCheetah-v5,SAC,DDPG,Ranked t-test,0.01,10,0.033,0.005648982209212559,0.01
HalfCheetah-v5,SAC,DDPG,t-test,0.01,20,0.016,0.003967870965643918,0.01
HalfCheetah-v5,SAC,DDPG,Welch t-test,0.01,20,0.013,0.003582038525755969,0.01
HalfCheetah-v5,SAC,DDPG,Mann-Whitney,0.01,20,0.07,0.008068457101577725,0.01
HalfCheetah-v5,SAC,DDPG,Ranked t-test,0.01,20,0.065,0.007795832219846705,0.01
HalfCheetah-v5,SAC,DDPG,t-test,0.01,30,0.025,0.0049371044145328745,0.01
HalfCheetah-v5,SAC,DDPG,Welch t-test,0.01,30,0.017,0.004087909000944126,0.01
HalfCheetah-v5,SAC,DDPG,Mann-Whitney,0.01,30,0.123,0.010386096475577337,0.01
HalfCheetah-v5,SAC,DDPG,Ranked t-test,0.01,30,0.112,0.00997276290703835,0.01
HalfCheetah-v5,SAC,PPO,t-test,0.05,2,0.283,0.014244683218660919,0.05
HalfCheetah-v5,SAC,PPO,Welch t-test,0.05,2,0.145,0.01113440613593738,0.05
HalfCheetah-v5,SAC,PPO,Mann-Whitney,0.05,2,0.0,0.0,0.05
HalfCheetah-v5,SAC,PPO,Ranked t-test,0.05,2,0.0,0.0,0.05
HalfCheetah-v5,SAC,PPO,t-test,0.05,3,0.261,0.013888088421377507,0.05
HalfCheetah-v5,SAC,PPO,Welch t-test,0.05,3,0.162,0.011651437679531225,0.05
HalfCheetah-v5,SAC,PPO,Mann-Whitney,0.05,3,0.0,0.0,0.05
HalfCheetah-v5,SAC,PPO,Ranked t-test,0.05,3,0.157,0.01150439046625244,0.05
HalfCheetah-v5,SAC,PPO,t-test,0.05,5,0.22,0.013099618315050252,0.05
HalfCheetah-v5,SAC,PPO,Welch t-test,0.05,5,0.196,0.012553246592017541,0.05
HalfCheetah-v5,SAC,PPO,Mann-Whitney,0.05,5,0.057,0.007331507348424334,0.05
HalfCheetah-v5,SAC,PPO,Ranked t-test,0.05,5,0.071,0.008121514637061242,0.05
HalfCheetah-v5,SAC,PPO,t-test,0.05,10,0.096,0.009315793041926168,0.05
HalfCheetah-v5,SAC,PPO,Welch t-test,0.05,10,0.093,0.009184280047995052,0.05
HalfCheetah-v5,SAC,PPO,Mann-Whitney,0.05,10,0.085,0.008819013550278738,0.05
HalfCheetah-v5,SAC,PPO,Ranked t-test,0.05,10,0.103,0.009612023720320296,0.05
HalfCheetah-v5,SAC,PPO,t-test,0.05,20,0.054,0.007147307185227175,0.05
HalfCheetah-v5,SAC,PPO,Welch t-test,0.05,20,0.064,0.007739767438366608,0.05
HalfCheetah-v5,SAC,PPO,Mann-Whitney,0.05,20,0.136,0.010839926199010766,0.05
HalfCheetah-v5,SAC,PPO,Ranked t-test,0.05,20,0.148,0.011229247525992114,0.05
HalfCheetah-v5,SAC,PPO,t-test,0.05,30,0.066,0.007851369307324678,0.05
HalfCheetah-v5,SAC,PPO,Welch t-test,0.05,30,0.06,0.007509993342207435,0.05
HalfCheetah-v5,SAC,PPO,Mann-Whitney,0.05,30,0.135,0.010806248192596726,0.05
HalfCheetah-v5,SAC,PPO,Ranked t-test,0.05,30,0.189,0.012380589646701001,0.05
HalfCheetah-v5,SAC,PPO,t-test,0.01,2,0.164,0.011709141727727102,0.01
HalfCheetah-v5,SAC,PPO,Welch t-test,0.01,2,0.085,0.008819013550278738,0.01
HalfCheetah-v5,SAC,PPO,Mann-Whitney,0.01,2,0.0,0.0,0.01
HalfCheetah-v5,SAC,PPO,Ranked t-test,0.01,2,0.001,0.0009994998749374609,0.01
HalfCheetah-v5,SAC,PPO,t-test,0.01,3,0.173,0.011961229033840962,0.01
HalfCheetah-v5,SAC,PPO,Welch t-test,0.01,3,0.062,0.007626008130076967,0.01
HalfCheetah-v5,SAC,PPO,Mann-Whitney,0.01,3,0.0,0.0,0.01
HalfCheetah-v5,SAC,PPO,Ranked t-test,0.01,3,0.001,0.0009994998749374609,0.01
HalfCheetah-v5,SAC,PPO,t-test,0.01,5,0.154,0.011414201680362931,0.01
HalfCheetah-v5,SAC,PPO,Welch t-test,0.01,5,0.127,0.010529529904036551,0.01
HalfCheetah-v5,SAC,PPO,Mann-Whitney,0.01,5,0.017,0.004087909000944126,0.01
HalfCheetah-v5,SAC,PPO,Ranked t-test,0.01,5,0.044,0.006485676526007136,0.01
HalfCheetah-v5,SAC,PPO,t-test,0.01,10,0.07,0.008068457101577725,0.01
HalfCheetah-v5,SAC,PPO,Welch t-test,0.01,10,0.065,0.007795832219846705,0.01
HalfCheetah-v5,SAC,PPO,Mann-Whitney,0.01,10,0.019,0.004317290817167636,0.01
HalfCheetah-v5,SAC,PPO,Ranked t-test,0.01,10,0.032,0.005565608681896348,0.01
HalfCheetah-v5,SAC,PPO,t-test,0.01,20,0.027,0.00512552436341883,0.01
HalfCheetah-v5,SAC,PPO,Welch t-test,0.01,20,0.017,0.004087909000944126,0.01
HalfCheetah-v5,SAC,PPO,Mann-Whitney,0.01,20,0.06,0.007509993342207435,0.01
HalfCheetah-v5,SAC,PPO,Ranked t-test,0.01,20,0.05,0.006892024376045111,0.01
HalfCheetah-v5,SAC,PPO,t-test,0.01,30,0.032,0.005565608681896348,0.01
HalfCheetah-v5,SAC,PPO,Welch t-test,0.01,30,0.023,0.004740358636221525,0.01
HalfCheetah-v5,SAC,PPO,Mann-Whitney,0.01,30,0.049,0.006826346021115542,0.01
HalfCheetah-v5,SAC,PPO,Ranked t-test,0.01,30,0.078,0.008480330182251162,0.01
HalfCheetah-v5,TD3,DDPG,t-test,0.05,2,0.112,0.00997276290703835,0.05
HalfCheetah-v5,TD3,DDPG,Welch t-test,0.05,2,0.05,0.006892024376045111,0.05
HalfCheetah-v5,TD3,DDPG,Mann-Whitney,0.05,2,0.0,0.0,0.05
HalfCheetah-v5,TD3,DDPG,Ranked t-test,0.05,2,0.0,0.0,0.05
HalfCheetah-v5,TD3,DDPG,t-test,0.05,3,0.103,0.009612023720320296,0.05
HalfCheetah-v5,TD3,DDPG,Welch t-test,0.05,3,0.065,0.007795832219846705,0.05
HalfCheetah-v5,TD3,DDPG,Mann-Whitney,0.05,3,0.0,0.0,0.05
HalfCheetah-v5,TD3,DDPG,Ranked t-test,0.05,3,0.111,0.00993373041711924,0.05
HalfCheetah-v5,TD3,DDPG,t-test,0.05,5,0.064,0.007739767438366608,0.05
HalfCheetah-v5,TD3,DDPG,Welch t-test,0.05,5,0.058,0.007391616873188166,0.05
HalfCheetah-v5,TD3,DDPG,Mann-Whitney,0.05,5,0.054,0.007147307185227175,0.05
HalfCheetah-v5,TD3,DDPG,Ranked t-test,0.05,5,0.114,0.010050074626588601,0.05
HalfCheetah-v5,TD3,DDPG,t-test,0.05,10,0.062,0.007626008130076967,0.05
HalfCheetah-v5,TD3,DDPG,Welch t-test,0.05,10,0.056,0.007270763371201128,0.05
HalfCheetah-v5,TD3,DDPG,Mann-Whitney,0.05,10,0.11,0.009894442884771228,0.05
HalfCheetah-v5,TD3,DDPG,Ranked t-test,0.05,10,0.146,0.011166198995181842,0.05
HalfCheetah-v5,TD3,DDPG,t-test,0.05,20,0.05,0.006892024376045111,0.05
HalfCheetah-v5,TD3,DDPG,Welch t-test,0.05,20,0.055,0.00720936890441875,0.05
HalfCheetah-v5,TD3,DDPG,Mann-Whitney,0.05,20,0.218,0.0130566458173606,0.05
HalfCheetah-v5,TD3,DDPG,Ranked t-test,0.05,20,0.197,0.012577400367325514,0.05
HalfCheetah-v5,TD3,DDPG,t-test,0.05,30,0.058,0.007391616873188166,0.05
HalfCheetah-v5,TD3,DDPG,Welch t-test,0.05,30,0.055,0.00720936890441875,0.05
HalfCheetah-v5,TD3,DDPG,Mann-Whitney,0.05,30,0.29,0.01434921600645833,0.05
HalfCheetah-v5,TD3,DDPG,Ranked t-test,0.05,30,0.295,0.01442133835675455,0.05
HalfCheetah-v5,TD3,DDPG,t-test,0.01,2,0.037,0.005969170796685248,0.01
HalfCheetah-v5,TD3,DDPG,Welch t-test,0.01,2,0.008,0.0028170906978654416,0.01
HalfCheetah-v5,TD3,DDPG,Mann-Whitney,0.01,2,0.0,0.0,0.01
HalfCheetah-v5,TD3,DDPG,Ranked t-test,0.01,2,0.001,0.0009994998749374609,0.01
HalfCheetah-v5,TD3,DDPG,t-test,0.01,3,0.038,0.006046155803483731,0.01
HalfCheetah-v5,TD3,DDPG,Welch t-test,0.01,3,0.021,0.004534203347888138,0.01
HalfCheetah-v5,TD3,DDPG,Mann-Whitney,0.01,3,0.0,0.0,0.01
HalfCheetah-v5,TD3,DDPG,Ranked t-test,0.01,3,0.0,0.0,0.01
HalfCheetah-v5,TD3,DDPG,t-test,0.01,5,0.03,0.005394441583704471,0.01
HalfCheetah-v5,TD3,DDPG,Welch t-test,0.01,5,0.025,0.0049371044145328745,0.01
HalfCheetah-v5,TD3,DDPG,Mann-Whitney,0.01,5,0.01,0.003146426544510455,0.01
HalfCheetah-v5,TD3,DDPG,Ranked t-test,0.01,5,0.018,0.004204283529925164,0.01
HalfCheetah-v5,TD3,DDPG,t-test,0.01,10,0.021,0.004534203347888138,0.01
HalfCheetah-v5,TD3,DDPG,Welch t-test,0.01,10,0.008,0.0028170906978654416,0.01
HalfCheetah-v5,TD3,DDPG,Mann-Whitney,0.01,10,0.015,0.003843826218756514,0.01
HalfCheetah-v5,TD3,DDPG,Ranked t-test,0.01,10,0.032,0.005565608681896348,0.01
HalfCheetah-v5,TD3,DDPG,t-test,0.01,20,0.012,0.003443254274665175,0.01
HalfCheetah-v5,TD3,DDPG,Welch t-test,0.01,20,0.013,0.003582038525755969,0.01
HalfCheetah-v5,TD3,DDPG,Mann-Whitney,0.01,20,0.068,0.007960904471226871,0.01
HalfCheetah-v5,TD3,DDPG,Ranked t-test,0.01,20,0.075,0.008329165624478841,0.01
HalfCheetah-v5,TD3,DDPG,t-test,0.01,30,0.012,0.003443254274665175,0.01
HalfCheetah-v5,TD3,DDPG,Welch t-test,0.01,30,0.008,0.0028170906978654416,0.01
HalfCheetah-v5,TD3,DDPG,Mann-Whitney,0.01,30,0.126,0.010493998284733994,0.01
HalfCheetah-v5,TD3,DDPG,Ranked t-test,0.01,30,0.13,0.010634848376916336,0.01
HalfCheetah-v5,TD3,PPO,t-test,0.05,2,0.236,0.013427732496590778,0.05
HalfCheetah-v5,TD3,PPO,Welch t-test,0.05,2,0.126,0.010493998284733994,0.05
HalfCheetah-v5,TD3,PPO,Mann-Whitney,0.05,2,0.0,0.0,0.05
HalfCheetah-v5,TD3,PPO,Ranked t-test,0.05,2,0.0,0.0,0.05
HalfCheetah-v5,TD3,PPO,t-test,0.05,3,0.205,0.0127661662216971,0.05
HalfCheetah-v5,TD3,PPO,Welch t-test,0.05,3,0.13,0.010634848376916336,0.05
HalfCheetah-v5,TD3,PPO,Mann-Whitney,0.05,3,0.0,0.0,0.05
HalfCheetah-v5,TD3,PPO,Ranked t-test,0.05,3,0.2,0.01264911064067352,0.05
HalfCheetah-v5,TD3,PPO,t-test,0.05,5,0.119,0.010239091756596383,0.05
HalfCheetah-v5,TD3,PPO,Welch t-test,0.05,5,0.127,0.010529529904036551,0.05
HalfCheetah-v5,TD3,PPO,Mann-Whitney,0.05,5,0.041,0.006270486424512854,0.05
HalfCheetah-v5,TD3,PPO,Ranked t-test,0.05,5,0.064,0.007739767438366608,0.05
HalfCheetah-v5,TD3,PPO,t-test,0.05,10,0.084,0.008771772910877254,0.05
HalfCheetah-v5,TD3,PPO,Welch t-test,0.05,10,0.072,0.008174105455644672,0.05
HalfCheetah-v5,TD3,PPO,Mann-Whitney,0.05,10,0.091,0.009094998625618368,0.05
HalfCheetah-v5,TD3,PPO,Ranked t-test,0.05,10,0.101,0.009528850927577786,0.05
HalfCheetah-v5,TD3,PPO,t-test,0.05,20,0.063,0.007683163410991596,0.05
HalfCheetah-v5,TD3,PPO,Welch t-test,0.05,20,0.048,0.006759881655768835,0.05
HalfCheetah-v5,TD3,PPO,Mann-Whitney,0.05,20,0.114,0.010050074626588601,0.05
HalfCheetah-v5,TD3,PPO,Ranked t-test,0.05,20,0.103,0.009612023720320296,0.05
HalfCheetah-v5,TD3,PPO,t-test,0.05,30,0.055,0.00720936890441875,0.05
HalfCheetah-v5,TD3,PPO,Welch t-test,0.05,30,0.06,0.007509993342207435,0.05
HalfCheetah-v5,TD3,PPO,Mann-Whitney,0.05,30,0.116,0.010126401137620413,0.05
HalfCheetah-v5,TD3,PPO,Ranked t-test,0.05,30,0.152,0.011353237423748346,0.05
HalfCheetah-v5,TD3,PPO,t-test,0.01,2,0.128,0.010564847372300274,0.01
HalfCheetah-v5,TD3,PPO,Welch t-test,0.01,2,0.074,0.00827792244467173,0.01
HalfCheetah-v5,TD3,PPO,Mann-Whitney,0.01,2,0.0,0.0,0.01
HalfCheetah-v5,TD3,PPO,Ranked t-test,0.01,2,0.001,0.0009994998749374609,0.01
HalfCheetah-v5,TD3,PPO,t-test,0.01,3,0.102,0.009570579919733181,0.01
HalfCheetah-v5,TD3,PPO,Welch t-test,0.01,3,0.048,0.006759881655768835,0.01
HalfCheetah-v5,TD3,PPO,Mann-Whitney,0.01,3,0.0,0.0,0.01
HalfCheetah-v5,TD3,PPO,Ranked t-test,0.01,3,0.0,0.0,0.01
HalfCheetah-v5,TD3,PPO,t-test,0.01,5,0.088,0.008958571314668427,0.01
HalfCheetah-v5,TD3,PPO,Welch t-test,0.01,5,0.06,0.007509993342207435,0.01
HalfCheetah-v5,TD3,PPO,Mann-Whitney,0.01,5,0.03,0.005394441583704471,0.01
HalfCheetah-v5,TD3,PPO,Ranked t-test,0.01,5,0.037,0.005969170796685248,0.01
HalfCheetah-v5,TD3,PPO,t-test,0.01,10,0.041,0.006270486424512854,0.01
HalfCheetah-v5,TD3,PPO,Welch t-test,0.01,10,0.032,0.005565608681896348,0.01
HalfCheetah-v5,TD3,PPO,Mann-Whitney,0.01,10,0.018,0.004204283529925164,0.01
HalfCheetah-v5,TD3,PPO,Ranked t-test,0.01,10,0.036,0.005891010100144117,0.01
HalfCheetah-v5,TD3,PPO,t-test,0.01,20,0.019,0.004317290817167636,0.01
HalfCheetah-v5,TD3,PPO,Welch t-test,0.01,20,0.012,0.003443254274665175,0.01
HalfCheetah-v5,TD3,PPO,Mann-Whitney,0.01,20,0.028,0.005216895628628198,0.01
HalfCheetah-v5,TD3,PPO,Ranked t-test,0.01,20,0.043,0.006414904519944158,0.01
HalfCheetah-v5,TD3,PPO,t-test,0.01,30,0.018,0.004204283529925164,0.01
HalfCheetah-v5,TD3,PPO,Welch t-test,0.01,30,0.018,0.004204283529925164,0.01
HalfCheetah-v5,TD3,PPO,Mann-Whitney,0.01,30,0.039,0.006122009474020765,0.01
HalfCheetah-v5,TD3,PPO,Ranked t-test,0.01,30,0.05,0.006892024376045111,0.01
HalfCheetah-v5,DDPG,PPO,t-test,0.05,2,0.126,0.010493998284733994,0.05
HalfCheetah-v5,DDPG,PPO,Welch t-test,0.05,2,0.059,0.007451107300260815,0.05
HalfCheetah-v5,DDPG,PPO,Mann-Whitney,0.05,2,0.0,0.0,0.05
HalfCheetah-v5,DDPG,PPO,Ranked t-test,0.05,2,0.001,0.0009994998749374609,0.05
HalfCheetah-v5,DDPG,PPO,t-test,0.05,3,0.091,0.009094998625618368,0.05
HalfCheetah-v5,DDPG,PPO,Welch t-test,0.05,3,0.048,0.006759881655768835,0.05
HalfCheetah-v5,DDPG,PPO,Mann-Whitney,0.05,3,0.0,0.0,0.05
HalfCheetah-v5,DDPG,PPO,Ranked t-test,0.05,3,0.184,0.012253326079069307,0.05
HalfCheetah-v5,DDPG,PPO,t-test,0.05,5,0.092,0.00913980306133562,0.05
HalfCheetah-v5,DDPG,PPO,Welch t-test,0.05,5,0.058,0.007391616873188166,0.05
HalfCheetah-v5,DDPG,PPO,Mann-Whitney,0.05,5,0.04,0.0061967733539318665,0.05
HalfCheetah-v5,DDPG,PPO,Ranked t-test,0.05,5,0.085,0.008819013550278738,0.05
HalfCheetah-v5,DDPG,PPO,t-test,0.05,10,0.065,0.007795832219846705,0.05
HalfCheetah-v5,DDPG,PPO,Welch t-test,0.05,10,0.06,0.007509993342207435,0.05
HalfCheetah-v5,DDPG,PPO,Mann-Whitney,0.05,10,0.087,0.00891240708226459,0.05
HalfCheetah-v5,DDPG,PPO,Ranked t-test,0.05,10,0.092,0.00913980306133562,0.05
HalfCheetah-v5,DDPG,PPO,t-test,0.05,20,0.057,0.007331507348424334,0.05
HalfCheetah-v5,DDPG,PPO,Welch t-test,0.05,20,0.049,0.006826346021115542,0.05
HalfCheetah-v5,DDPG,PPO,Mann-Whitney,0.05,20,0.09,0.009049861877399014,0.05
HalfCheetah-v5,DDPG,PPO,Ranked t-test,0.05,20,0.09,0.009049861877399014,0.05
HalfCheetah-v5,DDPG,PPO,t-test,0.05,30,0.055,0.00720936890441875,0.05
HalfCheetah-v5,DDPG,PPO,Welch t-test,0.05,30,0.029,0.005306505441436953,0.05
HalfCheetah-v5,DDPG,PPO,Mann-Whitney,0.05,30,0.101,0.009528850927577786,0.05
HalfCheetah-v5,DDPG,PPO,Ranked t-test,0.05,30,0.088,0.008958571314668427,0.05
HalfCheetah-v5,DDPG,PPO,t-test,0.01,2,0.054,0.007147307185227175,0.01
HalfCheetah-v5,DDPG,PPO,Welch t-test,0.01,2,0.024,0.004839834707921336,0.01
HalfCheetah-v5,DDPG,PPO,Mann-Whitney,0.01,2,0.0,0.0,0.01
HalfCheetah-v5,DDPG,PPO,Ranked t-test,0.01,2,0.0,0.0,0.01
HalfCheetah-v5,DDPG,PPO,t-test,0.01,3,0.034,0.005730968504537431,0.01
HalfCheetah-v5,DDPG,PPO,Welch t-test,0.01,3,0.013,0.003582038525755969,0.01
HalfCheetah-v5,DDPG,PPO,Mann-Whitney,0.01,3,0.0,0.0,0.01
HalfCheetah-v5,DDPG,PPO,Ranked t-test,0.01,3,0.0,0.0,0.01
HalfCheetah-v5,DDPG,PPO,t-test,0.01,5,0.025,0.0049371044145328745,0.01
HalfCheetah-v5,DDPG,PPO,Welch t-test,0.01,5,0.015,0.003843826218756514,0.01
HalfCheetah-v5,DDPG,PPO,Mann-Whitney,0.01,5,0.022,0.0046385342512479085,0.01
HalfCheetah-v5,DDPG,PPO,Ranked t-test,0.01,5,0.046,0.006624499981130651,0.01
HalfCheetah-v5,DDPG,PPO,t-test,0.01,10,0.02,0.004427188724235731,0.01
HalfCheetah-v5,DDPG,PPO,Welch t-test,0.01,10,0.014,0.003715373467095872,0.01
HalfCheetah-v5,DDPG,PPO,Mann-Whitney,0.01,10,0.016,0.003967870965643918,0.01
HalfCheetah-v5,DDPG,PPO,Ranked t-test,0.01,10,0.031,0.0054807846153630225,0.01
HalfCheetah-v5,DDPG,PPO,t-test,0.01,20,0.012,0.003443254274665175,0.01
HalfCheetah-v5,DDPG,PPO,Welch t-test,0.01,20,0.01,0.003146426544510455,0.01
HalfCheetah-v5,DDPG,PPO,Mann-Whitney,0.01,20,0.027,0.00512552436341883,0.01
HalfCheetah-v5,DDPG,PPO,Ranked t-test,0.01,20,0.036,0.005891010100144117,0.01
HalfCheetah-v5,DDPG,PPO,t-test,0.01,30,0.013,0.003582038525755969,0.01
HalfCheetah-v5,DDPG,PPO,Welch t-test,0.01,30,0.012,0.003443254274665175,0.01
HalfCheetah-v5,DDPG,PPO,Mann-Whitney,0.01,30,0.031,0.0054807846153630225,0.01
HalfCheetah-v5,DDPG,PPO,Ranked t-test,0.01,30,0.036,0.005891010100144117,0.01
Ant-v5,SAC,TD3,t-test,0.05,2,0.114,0.010050074626588601,0.05
Ant-v5,SAC,TD3,Welch t-test,0.05,2,0.052,0.007021111023192838,0.05
Ant-v5,SAC,TD3,Mann-Whitney,0.05,2,0.0,0.0,0.05
Ant-v5,SAC,TD3,Ranked t-test,0.05,2,0.003,0.001729450779872038,0.05
Ant-v5,SAC,TD3,t-test,0.05,3,0.114,0.010050074626588601,0.05
Ant-v5,SAC,TD3,Welch t-test,0.05,3,0.103,0.009612023720320296,0.05
Ant-v5,SAC,TD3,Mann-Whitney,0.05,3,0.0,0.0,0.05
Ant-v5,SAC,TD3,Ranked t-test,0.05,3,0.115,0.010088359628799918,0.05
Ant-v5,SAC,TD3,t-test,0.05,5,0.094,0.009228434320078352,0.05
Ant-v5,SAC,TD3,Welch t-test,0.05,5,0.073,0.008226238508577295,0.05
Ant-v5,SAC,TD3,Mann-Whitney,0.05,5,0.038,0.006046155803483731,0.05
Ant-v5,SAC,TD3,Ranked t-test,0.05,5,0.089,0.00900438781928011,0.05
Ant-v5,SAC,TD3,t-test,0.05,10,0.066,0.007851369307324678,0.05
Ant-v5,SAC,TD3,Welch t-test,0.05,10,0.072,0.008174105455644672,0.05
Ant-v5,SAC,TD3,Mann-Whitney,0.05,10,0.112,0.00997276290703835,0.05
Ant-v5,SAC,TD3,Ranked t-test,0.05,10,0.122,0.010349685985574635,0.05
Ant-v5,SAC,TD3,t-test,0.05,20,0.059,0.007451107300260815,0.05
Ant-v5,SAC,TD3,Welch t-test,0.05,20,0.056,0.007270763371201128,0.05
Ant-v5,SAC,TD3,Mann-Whitney,0.05,20,0.164,0.011709141727727102,0.05
Ant-v5,SAC,TD3,Ranked t-test,0.05,20,0.195,0.012528966437819204,0.05
Ant-v5,SAC,TD3,t-test,0.05,30,0.048,0.006759881655768835,0.05
Ant-v5,SAC,TD3,Welch t-test,0.05,30,0.048,0.006759881655768835,0.05
Ant-v5,SAC,TD3,Mann-Whitney,0.05,30,0.276,0.014135911714495106,0.05
Ant-v5,SAC,TD3,Ranked t-test,0.05,30,0.258,0.013836039895866157,0.05
Ant-v5,SAC,TD3,t-test,0.01,2,0.025,0.0049371044145328745,0.01
Ant-v5,SAC,TD3,Welch t-test,0.01,2,0.008,0.0028170906978654416,0.01
Ant-v5,SAC,TD3,Mann-Whitney,0.01,2,0.0,0.0,0.01
Ant-v5,SAC,TD3,Ranked t-test,0.01,2,0.0,0.0,0.01
Ant-v5,SAC,TD3,t-test,0.01,3,0.036,0.005891010100144117,0.01
Ant-v5,SAC,TD3,Welch t-test,0.01,3,0.036,0.005891010100144117,0.01
Ant-v5,SAC,TD3,Mann-Whitney,0.01,3,0.0,0.0,0.01
Ant-v5,SAC,TD3,Ranked t-test,0.01,3,0.0,0.0,0.01
Ant-v5,SAC,TD3,t-test,0.01,5,0.038,0.006046155803483731,0.01
Ant-v5,SAC,TD3,Welch t-test,0.01,5,0.041,0.006270486424512854,0.01
Ant-v5,SAC,TD3,Mann-Whitney,0.01,5,0.009,0.002986469487538756,0.01
Ant-v5,SAC,TD3,Ranked t-test,0.01,5,0.027,0.00512552436341883,0.01
Ant-v5,SAC,TD3,t-test,0.01,10,0.03,0.005394441583704471,0.01
Ant-v5,SAC,TD3,Welch t-test,0.01,10,0.031,0.0054807846153630225,0.01
Ant-v5,SAC,TD3,Mann-Whitney,0.01,10,0.013,0.003582038525755969,0.01
Ant-v5,SAC,TD3,Ranked t-test,0.01,10,0.028,0.005216895628628198,0.01
Ant-v5,SAC,TD3,t-test,0.01,20,0.018,0.004204283529925164,0.01
Ant-v5,SAC,TD3,Welch t-test,0.01,20,0.02,0.004427188724235731,0.01
Ant-v5,SAC,TD3,Mann-Whitney,0.01,20,0.075,0.008329165624478841,0.01
Ant-v5,SAC,TD3,Ranked t-test,0.01,20,0.083,0.008724161850859944,0.01
Ant-v5,SAC,TD3,t-test,0.01,30,0.018,0.004204283529925164,0.01
Ant-v5,SAC,TD3,Welch t-test,0.01,30,0.019,0.004317290817167636,0.01
Ant-v5,SAC,TD3,Mann-Whitney,0.01,30,0.118,0.01020176455325254,0.01
Ant-v5,SAC,TD3,Ranked t-test,0.01,30,0.112,0.00997276290703835,0.01
Ant-v5,SAC,DDPG,t-test,0.05,2,0.129,0.010599952830083727,0.05
Ant-v5,SAC,DDPG,Welch t-test,0.05,2,0.06,0.007509993342207435,0.05
Ant-v5,SAC,DDPG,Mann-Whitney,0.05,2,0.0,0.0,0.05
Ant-v5,SAC,DDPG,Ranked t-test,0.05,2,0.0,0.0,0.05
Ant-v5,SAC,DDPG,t-test,0.05,3,0.13,0.010634848376916336,0.05
Ant-v5,SAC,DDPG,Welch t-test,0.05,3,0.094,0.009228434320078352,0.05
Ant-v5,SAC,DDPG,Mann-Whitney,0.05,3,0.0,0.0,0.05
Ant-v5,SAC,DDPG,Ranked t-test,0.05,3,0.126,0.010493998284733994,0.05
Ant-v5,SAC,DDPG,t-test,0.05,5,0.09,0.009049861877399014,0.05
Ant-v5,SAC,DDPG,Welch t-test,0.05,5,0.103,0.009612023720320296,0.05
Ant-v5,SAC,DDPG,Mann-Whitney,0.05,5,0.051,0.00695693898205238,0.05
Ant-v5,SAC,DDPG,Ranked t-test,0.05,5,0.1,0.009486832980505138,0.05
Ant-v5,SAC,DDPG,t-test,0.05,10,0.083,0.008724161850859944,0.05
Ant-v5,SAC,DDPG,Welch t-test,0.05,10,0.071,0.008121514637061242,0.05
Ant-v5,SAC,DDPG,Mann-Whitney,0.05,10,0.12,0.010276186062932104,0.05
Ant-v5,SAC,DDPG,Ranked t-test,0.05,10,0.157,0.01150439046625244,0.05
Ant-v5,SAC,DDPG,t-test,0.05,20,0.06,0.007509993342207435,0.05
Ant-v5,SAC,DDPG,Welch t-test,0.05,20,0.059,0.007451107300260815,0.05
Ant-v5,SAC,DDPG,Mann-Whitney,0.05,20,0.266,0.013972973913952606,0.05
Ant-v5,SAC,DDPG,Ranked t-test,0.05,20,0.242,0.013543854695026818,0.05
Ant-v5,SAC,DDPG,t-test,0.05,30,0.05,0.006892024376045111,0.05
Ant-v5,SAC,DDPG,Welch t-test,0.05,30,0.04,0.0061967733539318665,0.05
Ant-v5,SAC,DDPG,Mann-Whitney,0.05,30,0.277,0.014151713677148785,0.05
Ant-v5,SAC,DDPG,Ranked t-test,0.05,30,0.304,0.014545927265045703,0.05
Ant-v5,SAC,DDPG,t-test,0.01,2,0.04,0.0061967733539318665,0.01
Ant-v5,SAC,DDPG,Welch t-test,0.01,2,0.009,0.002986469487538756,0.01
Ant-v5,SAC,DDPG,Mann-Whitney,0.01,2,0.0,0.0,0.01
Ant-v5,SAC,DDPG,Ranked t-test,0.01,2,0.0,0.0,0.01
Ant-v5,SAC,DDPG,t-test,0.01,3,0.059,0.007451107300260815,0.01
Ant-v5,SAC,DDPG,Welch t-test,0.01,3,0.025,0.0049371044145328745,0.01
Ant-v5,SAC,DDPG,Mann-Whitney,0.01,3,0.0,0.0,0.01
Ant-v5,SAC,DDPG,Ranked t-test,0.01,3,0.0,0.0,0.01
Ant-v5,SAC,DDPG,t-test,0.01,5,0.042,0.0063431853196954605,0.01
Ant-v5,SAC,DDPG,Welch t-test,0.01,5,0.039,0.006122009474020765,0.01
Ant-v5,SAC,DDPG,Mann-Whitney,0.01,5,0.007,0.0026364749192814255,0.01
Ant-v5,SAC,DDPG,Ranked t-test,0.01,5,0.022,0.0046385342512479085,0.01
Ant-v5,SAC,DDPG,t-test,0.01,10,0.041,0.006270486424512854,0.01
Ant-v5,SAC,DDPG,Welch t-test,0.01,10,0.026,0.0050322956987840055,0.01
Ant-v5,SAC,DDPG,Mann-Whitney,0.01,10,0.024,0.004839834707921336,0.01
Ant-v5,SAC,DDPG,Ranked t-test,0.01,10,0.039,0.006122009474020765,0.01
Ant-v5,SAC,DDPG,t-test,0.01,20,0.024,0.004839834707921336,0.01
Ant-v5,SAC,DDPG,Welch t-test,0.01,20,0.033,0.005648982209212559,0.01
Ant-v5,SAC,DDPG,Mann-Whitney,0.01,20,0.078,0.008480330182251162,0.01
Ant-v5,SAC,DDPG,Ranked t-test,0.01,20,0.07,0.008068457101577725,0.01
Ant-v5,SAC,DDPG,t-test,0.01,30,0.01,0.003146426544510455,0.01
Ant-v5,SAC,DDPG,Welch t-test,0.01,30,0.016,0.003967870965643918,0.01
Ant-v5,SAC,DDPG,Mann-Whitney,0.01,30,0.134,0.010772372069326236,0.01
Ant-v5,SAC,DDPG,Ranked t-test,0.01,30,0.131,0.010669536072388528,0.01
Ant-v5,SAC,PPO,t-test,0.05,2,0.085,0.008819013550278738,0.05
Ant-v5,SAC,PPO,Welch t-test,0.05,2,0.029,0.005306505441436953,0.05
Ant-v5,SAC,PPO,Mann-Whitney,0.05,2,0.0,0.0,0.05
Ant-v5,SAC,PPO,Ranked t-test,0.05,2,0.0,0.0,0.05
Ant-v5,SAC,PPO,t-test,0.05,3,0.083,0.008724161850859944,0.05
Ant-v5,SAC,PPO,Welch t-test,0.05,3,0.067,0.007906389820898032,0.05
Ant-v5,SAC,PPO,Mann-Whitney,0.05,3,0.0,0.0,0.05
Ant-v5,SAC,PPO,Ranked t-test,0.05,3,0.115,0.010088359628799918,0.05
Ant-v5,SAC,PPO,t-test,0.05,5,0.075,0.008329165624478841,0.05
Ant-v5,SAC,PPO,Welch t-test,0.05,5,0.059,0.007451107300260815,0.05
Ant-v5,SAC,PPO,Mann-Whitney,0.05,5,0.048,0.006759881655768835,0.05
Ant-v5,SAC,PPO,Ranked t-test,0.05,5,0.065,0.007795832219846705,0.05
Ant-v5,SAC,PPO,t-test,0.05,10,0.058,0.007391616873188166,0.05
Ant-v5,SAC,PPO,Welch t-test,0.05,10,0.072,0.008174105455644672,0.05
Ant-v5,SAC,PPO,Mann-Whitney,0.05,10,0.075,0.008329165624478841,0.05
Ant-v5,SAC,PPO,Ranked t-test,0.05,10,0.101,0.009528850927577786,0.05
Ant-v5,SAC,PPO,t-test,0.05,20,0.053,0.00708456067798138,0.05
Ant-v5,SAC,PPO,Welch t-test,0.05,20,0.051,0.00695693898205238,0.05
Ant-v5,SAC,PPO,Mann-Whitney,0.05,20,0.15,0.011291589790636216,0.05
Ant-v5,SAC,PPO,Ranked t-test,0.05,20,0.158,0.011534123287012324,0.05
Ant-v5,SAC,PPO,t-test,0.05,30,0.061,0.0075682891065286355,0.05
Ant-v5,SAC,PPO,Welch t-test,0.05,30,0.069,0.008014923580421713,0.05
Ant-v5,SAC,PPO,Mann-Whitney,0.05,30,0.208,0.0128349522788361,0.05
Ant-v5,SAC,PPO,Ranked t-test,0.05,30,0.224,0.013184233007649706,0.05
Ant-v5,SAC,PPO,t-test,0.01,2,0.022,0.0046385342512479085,0.01
Ant-v5,SAC,PPO,Welch t-test,0.01,2,0.003,0.001729450779872038,0.01
Ant-v5,SAC,PPO,Mann-Whitney,0.01,2,0.0,0.0,0.01
Ant-v5,SAC,PPO,Ranked t-test,0.01,2,0.0,0.0,0.01
Ant-v5,SAC,PPO,t-test,0.01,3,0.024,0.004839834707921336,0.01
Ant-v5,SAC,PPO,Welch t-test,0.01,3,0.013,0.003582038525755969,0.01
Ant-v5,SAC,PPO,Mann-Whitney,0.01,3,0.0,0.0,0.01
Ant-v5,SAC,PPO,Ranked t-test,0.01,3,0.0,0.0,0.01
Ant-v5,SAC,PPO,t-test,0.01,5,0.03,0.005394441583704471,0.01
Ant-v5,SAC,PPO,Welch t-test,0.01,5,0.016,0.003967870965643918,0.01
Ant-v5,SAC,PPO,Mann-Whitney,0.01,5,0.01,0.003146426544510455,0.01
Ant-v5,SAC,PPO,Ranked t-test,0.01,5,0.018,0.004204283529925164,0.01
Ant-v5,SAC,PPO,t-test,0.01,10,0.024,0.004839834707921336,0.01
Ant-v5,SAC,PPO,Welch t-test,0.01,10,0.02,0.004427188724235731,0.01
Ant-v5,SAC,PPO,Mann-Whitney,0.01,10,0.008,0.0028170906978654416,0.01
Ant-v5,SAC,PPO,Ranked t-test,0.01,10,0.034,0.005730968504537431,0.01
Ant-v5,SAC,PPO,t-test,0.01,20,0.015,0.003843826218756514,0.01
Ant-v5,SAC,PPO,Welch t-test,0.01,20,0.011,0.003298332912245215,0.01
Ant-v5,SAC,PPO,Mann-Whitney,0.01,20,0.047,0.006692607862410586,0.01
Ant-v5,SAC,PPO,Ranked t-test,0.01,20,0.052,0.007021111023192838,0.01
Ant-v5,SAC,PPO,t-test,0.01,30,0.017,0.004087909000944126,0.01
Ant-v5,SAC,PPO,Welch t-test,0.01,30,0.017,0.004087909000944126,0.01
Ant-v5,SAC,PPO,Mann-Whitney,0.01,30,0.055,0.00720936890441875,0.01
Ant-v5,SAC,PPO,Ranked t-test,0.01,30,0.079,0.008529888627643388,0.01
Ant-v5,TD3,DDPG,t-test,0.05,2,0.053,0.00708456067798138,0.05
Ant-v5,TD3,DDPG,Welch t-test,0.05,2,0.028,0.005216895628628198,0.05
Ant-v5,TD3,DDPG,Mann-Whitney,0.05,2,0.0,0.0,0.05
Ant-v5,TD3,DDPG,Ranked t-test,0.05,2,0.0,0.0,0.05
Ant-v5,TD3,DDPG,t-test,0.05,3,0.046,0.006624499981130651,0.05
Ant-v5,TD3,DDPG,Welch t-test,0.05,3,0.024,0.004839834707921336,0.05
Ant-v5,TD3,DDPG,Mann-Whitney,0.05,3,0.0,0.0,0.05
Ant-v5,TD3,DDPG,Ranked t-test,0.05,3,0.127,0.010529529904036551,0.05
Ant-v5,TD3,DDPG,t-test,0.05,5,0.041,0.006270486424512854,0.05
Ant-v5,TD3,DDPG,Welch t-test,0.05,5,0.022,0.0046385342512479085,0.05
Ant-v5,TD3,DDPG,Mann-Whitney,0.05,5,0.049,0.006826346021115542,0.05
Ant-v5,TD3,DDPG,Ranked t-test,0.05,5,0.076,0.008379976133617566,0.05
Ant-v5,TD3,DDPG,t-test,0.05,10,0.041,0.006270486424512854,0.05
Ant-v5,TD3,DDPG,Welch t-test,0.05,10,0.032,0.005565608681896348,0.05
Ant-v5,TD3,DDPG,Mann-Whitney,0.05,10,0.072,0.008174105455644672,0.05
Ant-v5,TD3,DDPG,Ranked t-test,0.05,10,0.076,0.008379976133617566,0.05
Ant-v5,TD3,DDPG,t-test,0.05,20,0.047,0.006692607862410586,0.05
Ant-v5,TD3,DDPG,Welch t-test,0.05,20,0.052,0.007021111023192838,0.05
Ant-v5,TD3,DDPG,Mann-Whitney,0.05,20,0.079,0.008529888627643388,0.05
Ant-v5,TD3,DDPG,Ranked t-test,0.05,20,0.105,0.009694070352540258,0.05
Ant-v5,TD3,DDPG,t-test,0.05,30,0.054,0.007147307185227175,0.05
Ant-v5,TD3,DDPG,Welch t-test,0.05,30,0.05,0.006892024376045111,0.05
Ant-v5,TD3,DDPG,Mann-Whitney,0.05,30,0.101,0.009528850927577786,0.05
Ant-v5,TD3,DDPG,Ranked t-test,0.05,30,0.13,0.010634848376916336,0.05
Ant-v5,TD3,DDPG,t-test,0.01,2,0.02,0.004427188724235731,0.01
Ant-v5,TD3,DDPG,Welch t-test,0.01,2,0.007,0.0026364749192814255,0.01
Ant-v5,TD3,DDPG,Mann-Whitney,0.01,2,0.0,0.0,0.01
Ant-v5,TD3,DDPG,Ranked t-test,0.01,2,0.0,0.0,0.01
Ant-v5,TD3,DDPG,t-test,0.01,3,0.018,0.004204283529925164,0.01
Ant-v5,TD3,DDPG,Welch t-test,0.01,3,0.007,0.0026364749192814255,0.01
Ant-v5,TD3,DDPG,Mann-Whitney,0.01,3,0.0,0.0,0.01
Ant-v5,TD3,DDPG,Ranked t-test,0.01,3,0.0,0.0,0.01
Ant-v5,TD3,DDPG,t-test,0.01,5,0.006,0.002442130217658346,0.01
Ant-v5,TD3,DDPG,Welch t-test,0.01,5,0.002,0.0014127986409959489,0.01
Ant-v5,TD3,DDPG,Mann-Whitney,0.01,5,0.008,0.0028170906978654416,0.01
Ant-v5,TD3,DDPG,Ranked t-test,0.01,5,0.026,0.0050322956987840055,0.01
Ant-v5,TD3,DDPG,t-test,0.01,10,0.005,0.0022304708023195463,0.01
Ant-v5,TD3,DDPG,Welch t-test,0.01,10,0.006,0.002442130217658346,0.01
Ant-v5,TD3,DDPG,Mann-Whitney,0.01,10,0.014,0.003715373467095872,0.01
Ant-v5,TD3,DDPG,Ranked t-test,0.01,10,0.026,0.0050322956987840055,0.01
Ant-v5,TD3,DDPG,t-test,0.01,20,0.009,0.002986469487538756,0.01
Ant-v5,TD3,DDPG,Welch t-test,0.01,20,0.005,0.0022304708023195463,0.01
Ant-v5,TD3,DDPG,Mann-Whitney,0.01,20,0.031,0.0054807846153630225,0.01
Ant-v5,TD3,DDPG,Ranked t-test,0.01,20,0.024,0.004839834707921336,0.01
Ant-v5,TD3,DDPG,t-test,0.01,30,0.01,0.003146426544510455,0.01
Ant-v5,TD3,DDPG,Welch t-test,0.01,30,0.005,0.0022304708023195463,0.01
Ant-v5,TD3,DDPG,Mann-Whitney,0.01,30,0.033,0.005648982209212559,0.01
Ant-v5,TD3,DDPG,Ranked t-test,0.01,30,0.032,0.005565608681896348,0.01
Ant-v5,TD3,PPO,t-test,0.05,2,0.063,0.007683163410991596,0.05
Ant-v5,TD3,PPO,Welch t-test,0.05,2,0.028,0.005216895628628198,0.05
Ant-v5,TD3,PPO,Mann-Whitney,0.05,2,0.0,0.0,0.05
Ant-v5,TD3,PPO,Ranked t-test,0.05,2,0.0,0.0,0.05
Ant-v5,TD3,PPO,t-test,0.05,3,0.059,0.007451107300260815,0.05
Ant-v5,TD3,PPO,Welch t-test,0.05,3,0.042,0.0063431853196954605,0.05
Ant-v5,TD3,PPO,Mann-Whitney,0.05,3,0.0,0.0,0.05
Ant-v5,TD3,PPO,Ranked t-test,0.05,3,0.099,0.009444522221901964,0.05
Ant-v5,TD3,PPO,t-test,0.05,5,0.07,0.008068457101577725,0.05
Ant-v5,TD3,PPO,Welch t-test,0.05,5,0.041,0.006270486424512854,0.05
Ant-v5,TD3,PPO,Mann-Whitney,0.05,5,0.029,0.005306505441436953,0.05
Ant-v5,TD3,PPO,Ranked t-test,0.05,5,0.052,0.007021111023192838,0.05
Ant-v5,TD3,PPO,t-test,0.05,10,0.055,0.00720936890441875,0.05
Ant-v5,TD3,PPO,Welch t-test,0.05,10,0.065,0.007795832219846705,0.05
Ant-v5,TD3,PPO,Mann-Whitney,0.05,10,0.049,0.006826346021115542,0.05
Ant-v5,TD3,PPO,Ranked t-test,0.05,10,0.067,0.007906389820898032,0.05
Ant-v5,TD3,PPO,t-test,0.05,20,0.059,0.007451107300260815,0.05
Ant-v5,TD3,PPO,Welch t-test,0.05,20,0.048,0.006759881655768835,0.05
Ant-v5,TD3,PPO,Mann-Whitney,0.05,20,0.077,0.00843036179532053,0.05
Ant-v5,TD3,PPO,Ranked t-test,0.05,20,0.078,0.008480330182251162,0.05
Ant-v5,TD3,PPO,t-test,0.05,30,0.045,0.0065555320150236475,0.05
Ant-v5,TD3,PPO,Welch t-test,0.05,30,0.053,0.00708456067798138,0.05
Ant-v5,TD3,PPO,Mann-Whitney,0.05,30,0.07,0.008068457101577725,0.05
Ant-v5,TD3,PPO,Ranked t-test,0.05,30,0.072,0.008174105455644672,0.05
Ant-v5,TD3,PPO,t-test,0.01,2,0.017,0.004087909000944126,0.01
Ant-v5,TD3,PPO,Welch t-test,0.01,2,0.002,0.0014127986409959489,0.01
Ant-v5,TD3,PPO,Mann-Whitney,0.01,2,0.0,0.0,0.01
Ant-v5,TD3,PPO,Ranked t-test,0.01,2,0.0,0.0,0.01
Ant-v5,TD3,PPO,t-test,0.01,3,0.007,0.0026364749192814255,0.01
Ant-v5,TD3,PPO,Welch t-test,0.01,3,0.008,0.0028170906978654416,0.01
Ant-v5,TD3,PPO,Mann-Whitney,0.01,3,0.0,0.0,0.01
Ant-v5,TD3,PPO,Ranked t-test,0.01,3,0.0,0.0,0.01
Ant-v5,TD3,PPO,t-test,0.01,5,0.015,0.003843826218756514,0.01
Ant-v5,TD3,PPO,Welch t-test,0.01,5,0.007,0.0026364749192814255,0.01
Ant-v5,TD3,PPO,Mann-Whitney,0.01,5,0.003,0.001729450779872038,0.01
Ant-v5,TD3,PPO,Ranked t-test,0.01,5,0.018,0.004204283529925164,0.01
Ant-v5,TD3,PPO,t-test,0.01,10,0.013,0.003582038525755969,0.01
Ant-v5,TD3,PPO,Welch t-test,0.01,10,0.014,0.003715373467095872,0.01
Ant-v5,TD3,PPO,Mann-Whitney,0.01,10,0.01,0.003146426544510455,0.01
Ant-v5,TD3,PPO,Ranked t-test,0.01,10,0.015,0.003843826218756514,0.01
Ant-v5,TD3,PPO,t-test,0.01,20,0.011,0.003298332912245215,0.01
Ant-v5,TD3,PPO,Welch t-test,0.01,20,0.015,0.003843826218756514,0.01
Ant-v5,TD3,PPO,Mann-Whitney,0.01,20,0.013,0.003582038525755969,0.01
Ant-v5,TD3,PPO,Ranked t-test,0.01,20,0.016,0.003967870965643918,0.01
Ant-v5,TD3,PPO,t-test,0.01,30,0.009,0.002986469487538756,0.01
Ant-v5,TD3,PPO,Welch t-test,0.01,30,0.009,0.002986469487538756,0.01
Ant-v5,TD3,PPO,Mann-Whitney,0.01,30,0.019,0.004317290817167636,0.01
Ant-v5,TD3,PPO,Ranked t-test,0.01,30,0.017,0.004087909000944126,0.01
Ant-v5,DDPG,PPO,t-test,0.05,2,0.063,0.007683163410991596,0.05
Ant-v5,DDPG,PPO,Welch t-test,0.05,2,0.033,0.005648982209212559,0.05
Ant-v5,DDPG,PPO,Mann-Whitney,0.05,2,0.0,0.0,0.05
Ant-v5,DDPG,PPO,Ranked t-test,0.05,2,0.0,0.0,0.05
Ant-v5,DDPG,PPO,t-test,0.05,3,0.055,0.00720936890441875,0.05
Ant-v5,DDPG,PPO,Welch t-test,0.05,3,0.045,0.0065555320150236475,0.05
Ant-v5,DDPG,PPO,Mann-Whitney,0.05,3,0.0,0.0,0.05
Ant-v5,DDPG,PPO,Ranked t-test,0.05,3,0.118,0.01020176455325254,0.05
Ant-v5,DDPG,PPO,t-test,0.05,5,0.072,0.008174105455644672,0.05
Ant-v5,DDPG,PPO,Welch t-test,0.05,5,0.056,0.007270763371201128,0.05
Ant-v5,DDPG,PPO,Mann-Whitney,0.05,5,0.04,0.0061967733539318665,0.05
Ant-v5,DDPG,PPO,Ranked t-test,0.05,5,0.061,0.0075682891065286355,0.05
Ant-v5,DDPG,PPO,t-test,0.05,10,0.043,0.006414904519944158,0.05
Ant-v5,DDPG,PPO,Welch t-test,0.05,10,0.035,0.005811626278418116,0.05
Ant-v5,DDPG,PPO,Mann-Whitney,0.05,10,0.086,0.008865889690267977,0.05
Ant-v5,DDPG,PPO,Ranked t-test,0.05,10,0.112,0.00997276290703835,0.05
Ant-v5,DDPG,PPO,t-test,0.05,20,0.045,0.0065555320150236475,0.05
Ant-v5,DDPG,PPO,Welch t-test,0.05,20,0.048,0.006759881655768835,0.05
Ant-v5,DDPG,PPO,Mann-Whitney,0.05,20,0.142,0.011037934589405754,0.05
Ant-v5,DDPG,PPO,Ranked t-test,0.05,20,0.135,0.010806248192596726,0.05
Ant-v5,DDPG,PPO,t-test,0.05,30,0.056,0.007270763371201128,0.05
Ant-v5,DDPG,PPO,Welch t-test,0.05,30,0.06,0.007509993342207435,0.05
Ant-v5,DDPG,PPO,Mann-Whitney,0.05,30,0.189,0.012380589646701001,0.05
Ant-v5,DDPG,PPO,Ranked t-test,0.05,30,0.194,0.012504559168559283,0.05
Ant-v5,DDPG,PPO,t-test,0.01,2,0.022,0.0046385342512479085,0.01
Ant-v5,DDPG,PPO,Welch t-test,0.01,2,0.005,0.0022304708023195463,0.01
Ant-v5,DDPG,PPO,Mann-Whitney,0.01,2,0.0,0.0,0.01
Ant-v5,DDPG,PPO,Ranked t-test,0.01,2,0.0,0.0,0.01
Ant-v5,DDPG,PPO,t-test,0.01,3,0.021,0.004534203347888138,0.01
Ant-v5,DDPG,PPO,Welch t-test,0.01,3,0.005,0.0022304708023195463,0.01
Ant-v5,DDPG,PPO,Mann-Whitney,0.01,3,0.0,0.0,0.01
Ant-v5,DDPG,PPO,Ranked t-test,0.01,3,0.0,0.0,0.01
Ant-v5,DDPG,PPO,t-test,0.01,5,0.009,0.002986469487538756,0.01
Ant-v5,DDPG,PPO,Welch t-test,0.01,5,0.014,0.003715373467095872,0.01
Ant-v5,DDPG,PPO,Mann-Whitney,0.01,5,0.007,0.0026364749192814255,0.01
Ant-v5,DDPG,PPO,Ranked t-test,0.01,5,0.023,0.004740358636221525,0.01
Ant-v5,DDPG,PPO,t-test,0.01,10,0.006,0.002442130217658346,0.01
Ant-v5,DDPG,PPO,Welch t-test,0.01,10,0.011,0.003298332912245215,0.01
Ant-v5,DDPG,PPO,Mann-Whitney,0.01,10,0.016,0.003967870965643918,0.01
Ant-v5,DDPG,PPO,Ranked t-test,0.01,10,0.019,0.004317290817167636,0.01
Ant-v5,DDPG,PPO,t-test,0.01,20,0.009,0.002986469487538756,0.01
Ant-v5,DDPG,PPO,Welch t-test,0.01,20,0.011,0.003298332912245215,0.01
Ant-v5,DDPG,PPO,Mann-Whitney,0.01,20,0.041,0.006270486424512854,0.01
Ant-v5,DDPG,PPO,Ranked t-test,0.01,20,0.052,0.007021111023192838,0.01
Ant-v5,DDPG,PPO,t-test,0.01,30,0.019,0.004317290817167636,0.01
Ant-v5,DDPG,PPO,Welch t-test,0.01,30,0.01,0.003146426544510455,0.01
Ant-v5,DDPG,PPO,Mann-Whitney,0.01,30,0.054,0.007147307185227175,0.01
Ant-v5,DDPG,PPO,Ranked t-test,0.01,30,0.062,0.007626008130076967,0.01
Humanoid-v5,SAC,TD3,t-test,0.05,2,0.13,0.010634848376916336,0.05
Humanoid-v5,SAC,TD3,Welch t-test,0.05,2,0.064,0.007739767438366608,0.05
Humanoid-v5,SAC,TD3,Mann-Whitney,0.05,2,0.0,0.0,0.05
Humanoid-v5,SAC,TD3,Ranked t-test,0.05,2,0.001,0.0009994998749374609,0.05
Humanoid-v5,SAC,TD3,t-test,0.05,3,0.116,0.010126401137620413,0.05
Humanoid-v5,SAC,TD3,Welch t-test,0.05,3,0.046,0.006624499981130651,0.05
Humanoid-v5,SAC,TD3,Mann-Whitney,0.05,3,0.0,0.0,0.05
Humanoid-v5,SAC,TD3,Ranked t-test,0.05,3,0.214,0.012969348480166612,0.05
Humanoid-v5,SAC,TD3,t-test,0.05,5,0.08,0.008579044235810887,0.05
Humanoid-v5,SAC,TD3,Welch t-test,0.05,5,0.057,0.007331507348424334,0.05
Humanoid-v5,SAC,TD3,Mann-Whitney,0.05,5,0.073,0.008226238508577295,0.05
Humanoid-v5,SAC,TD3,Ranked t-test,0.05,5,0.073,0.008226238508577295,0.05
Humanoid-v5,SAC,TD3,t-test,0.05,10,0.072,0.008174105455644672,0.05
Humanoid-v5,SAC,TD3,Welch t-test,0.05,10,0.056,0.007270763371201128,0.05
Humanoid-v5,SAC,TD3,Mann-Whitney,0.05,10,0.086,0.008865889690267977,0.05
Humanoid-v5,SAC,TD3,Ranked t-test,0.05,10,0.077,0.00843036179532053,0.05
Humanoid-v5,SAC,TD3,t-test,0.05,20,0.054,0.007147307185227175,0.05
Humanoid-v5,SAC,TD3,Welch t-test,0.05,20,0.052,0.007021111023192838,0.05
Humanoid-v5,SAC,TD3,Mann-Whitney,0.05,20,0.101,0.009528850927577786,0.05
Humanoid-v5,SAC,TD3,Ranked t-test,0.05,20,0.098,0.009401914698613257,0.05
Humanoid-v5,SAC,TD3,t-test,0.05,30,0.054,0.007147307185227175,0.05
Humanoid-v5,SAC,TD3,Welch t-test,0.05,30,0.049,0.006826346021115542,0.05
Humanoid-v5,SAC,TD3,Mann-Whitney,0.05,30,0.102,0.009570579919733181,0.05
Humanoid-v5,SAC,TD3,Ranked t-test,0.05,30,0.11,0.009894442884771228,0.05
Humanoid-v5,SAC,TD3,t-test,0.01,2,0.046,0.006624499981130651,0.01
Humanoid-v5,SAC,TD3,Welch t-test,0.01,2,0.018,0.004204283529925164,0.01
Humanoid-v5,SAC,TD3,Mann-Whitney,0.01,2,0.0,0.0,0.01
Humanoid-v5,SAC,TD3,Ranked t-test,0.01,2,0.002,0.0014127986409959489,0.01
Humanoid-v5,SAC,TD3,t-test,0.01,3,0.036,0.005891010100144117,0.01
Humanoid-v5,SAC,TD3,Welch t-test,0.01,3,0.011,0.003298332912245215,0.01
Humanoid-v5,SAC,TD3,Mann-Whitney,0.01,3,0.0,0.0,0.01
Humanoid-v5,SAC,TD3,Ranked t-test,0.01,3,0.0,0.0,0.01
Humanoid-v5,SAC,TD3,t-test,0.01,5,0.024,0.004839834707921336,0.01
Humanoid-v5,SAC,TD3,Welch t-test,0.01,5,0.012,0.003443254274665175,0.01
Humanoid-v5,SAC,TD3,Mann-Whitney,0.01,5,0.019,0.004317290817167636,0.01
Humanoid-v5,SAC,TD3,Ranked t-test,0.01,5,0.056,0.007270763371201128,0.01
Humanoid-v5,SAC,TD3,t-test,0.01,10,0.016,0.003967870965643918,0.01
Humanoid-v5,SAC,TD3,Welch t-test,0.01,10,0.013,0.003582038525755969,0.01
Humanoid-v5,SAC,TD3,Mann-Whitney,0.01,10,0.024,0.004839834707921336,0.01
Humanoid-v5,SAC,TD3,Ranked t-test,0.01,10,0.026,0.0050322956987840055,0.01
Humanoid-v5,SAC,TD3,t-test,0.01,20,0.019,0.004317290817167636,0.01
Humanoid-v5,SAC,TD3,Welch t-test,0.01,20,0.003,0.001729450779872038,0.01
Humanoid-v5,SAC,TD3,Mann-Whitney,0.01,20,0.032,0.005565608681896348,0.01
Humanoid-v5,SAC,TD3,Ranked t-test,0.01,20,0.024,0.004839834707921336,0.01
Humanoid-v5,SAC,TD3,t-test,0.01,30,0.017,0.004087909000944126,0.01
Humanoid-v5,SAC,TD3,Welch t-test,0.01,30,0.011,0.003298332912245215,0.01
Humanoid-v5,SAC,TD3,Mann-Whitney,0.01,30,0.033,0.005648982209212559,0.01
Humanoid-v5,SAC,TD3,Ranked t-test,0.01,30,0.029,0.005306505441436953,0.01
Humanoid-v5,SAC,DDPG,t-test,0.05,2,0.11,0.009894442884771228,0.05
Humanoid-v5,SAC,DDPG,Welch t-test,0.05,2,0.044,0.006485676526007136,0.05
Humanoid-v5,SAC,DDPG,Mann-Whitney,0.05,2,0.0,0.0,0.05
Humanoid-v5,SAC,DDPG,Ranked t-test,0.05,2,0.001,0.0009994998749374609,0.05
Humanoid-v5,SAC,DDPG,t-test,0.05,3,0.089,0.00900438781928011,0.05
Humanoid-v5,SAC,DDPG,Welch t-test,0.05,3,0.055,0.00720936890441875,0.05
Humanoid-v5,SAC,DDPG,Mann-Whitney,0.05,3,0.0,0.0,0.05
Humanoid-v5,SAC,DDPG,Ranked t-test,0.05,3,0.226,0.013225883713385657,0.05
Humanoid-v5,SAC,DDPG,t-test,0.05,5,0.058,0.007391616873188166,0.05
Humanoid-v5,SAC,DDPG,Welch t-test,0.05,5,0.035,0.005811626278418116,0.05
Humanoid-v5,SAC,DDPG,Mann-Whitney,0.05,5,0.065,0.007795832219846705,0.05
Humanoid-v5,SAC,DDPG,Ranked t-test,0.05,5,0.053,0.00708456067798138,0.05
Humanoid-v5,SAC,DDPG,t-test,0.05,10,0.064,0.007739767438366608,0.05
Humanoid-v5,SAC,DDPG,Welch t-test,0.05,10,0.055,0.00720936890441875,0.05
Humanoid-v5,SAC,DDPG,Mann-Whitney,0.05,10,0.106,0.009734680272099337,0.05
Humanoid-v5,SAC,DDPG,Ranked t-test,0.05,10,0.116,0.010126401137620413,0.05
Humanoid-v5,SAC,DDPG,t-test,0.05,20,0.055,0.00720936890441875,0.05
Humanoid-v5,SAC,DDPG,Welch t-test,0.05,20,0.059,0.007451107300260815,0.05
Humanoid-v5,SAC,DDPG,Mann-Whitney,0.05,20,0.104,0.009653186002558949,0.05
Humanoid-v5,SAC,DDPG,Ranked t-test,0.05,20,0.099,0.009444522221901964,0.05
Humanoid-v5,SAC,DDPG,t-test,0.05,30,0.049,0.006826346021115542,0.05
Humanoid-v5,SAC,DDPG,Welch t-test,0.05,30,0.048,0.006759881655768835,0.05
Humanoid-v5,SAC,DDPG,Mann-Whitney,0.05,30,0.107,0.009775019181566858,0.05
Humanoid-v5,SAC,DDPG,Ranked t-test,0.05,30,0.114,0.010050074626588601,0.05
Humanoid-v5,SAC,DDPG,t-test,0.01,2,0.058,0.007391616873188166,0.01
Humanoid-v5,SAC,DDPG,Welch t-test,0.01,2,0.012,0.003443254274665175,0.01
Humanoid-v5,SAC,DDPG,Mann-Whitney,0.01,2,0.0,0.0,0.01
Humanoid-v5,SAC,DDPG,Ranked t-test,0.01,2,0.0,0.0,0.01
Humanoid-v5,SAC,DDPG,t-test,0.01,3,0.035,0.005811626278418116,0.01
Humanoid-v5,SAC,DDPG,Welch t-test,0.01,3,0.015,0.003843826218756514,0.01
Humanoid-v5,SAC,DDPG,Mann-Whitney,0.01,3,0.0,0.0,0.01
Humanoid-v5,SAC,DDPG,Ranked t-test,0.01,3,0.0,0.0,0.01
Humanoid-v5,SAC,DDPG,t-test,0.01,5,0.021,0.004534203347888138,0.01
Humanoid-v5,SAC,DDPG,Welch t-test,0.01,5,0.005,0.0022304708023195463,0.01
Humanoid-v5,SAC,DDPG,Mann-Whitney,0.01,5,0.029,0.005306505441436953,0.01
Humanoid-v5,SAC,DDPG,Ranked t-test,0.01,5,0.056,0.007270763371201128,0.01
Humanoid-v5,SAC,DDPG,t-test,0.01,10,0.014,0.003715373467095872,0.01
Humanoid-v5,SAC,DDPG,Welch t-test,0.01,10,0.013,0.003582038525755969,0.01
Humanoid-v5,SAC,DDPG,Mann-Whitney,0.01,10,0.02,0.004427188724235731,0.01
Humanoid-v5,SAC,DDPG,Ranked t-test,0.01,10,0.024,0.004839834707921336,0.01
Humanoid-v5,SAC,DDPG,t-test,0.01,20,0.018,0.004204283529925164,0.01
Humanoid-v5,SAC,DDPG,Welch t-test,0.01,20,0.011,0.003298332912245215,0.01
Humanoid-v5,SAC,DDPG,Mann-Whitney,0.01,20,0.026,0.0050322956987840055,0.01
Humanoid-v5,SAC,DDPG,Ranked t-test,0.01,20,0.035,0.005811626278418116,0.01
Humanoid-v5,SAC,DDPG,t-test,0.01,30,0.011,0.003298332912245215,0.01
Humanoid-v5,SAC,DDPG,Welch t-test,0.01,30,0.009,0.002986469487538756,0.01
Humanoid-v5,SAC,DDPG,Mann-Whitney,0.01,30,0.034,0.005730968504537431,0.01
Humanoid-v5,SAC,DDPG,Ranked t-test,0.01,30,0.028,0.005216895628628198,0.01
Humanoid-v5,SAC,PPO,t-test,0.05,2,0.111,0.00993373041711924,0.05
Humanoid-v5,SAC,PPO,Welch t-test,0.05,2,0.054,0.007147307185227175,0.05
Humanoid-v5,SAC,PPO,Mann-Whitney,0.05,2,0.0,0.0,0.05
Humanoid-v5,SAC,PPO,Ranked t-test,0.05,2,0.0,0.0,0.05
Humanoid-v5,SAC,PPO,t-test,0.05,3,0.124,0.010422283818818216,0.05
Humanoid-v5,SAC,PPO,Welch t-test,0.05,3,0.054,0.007147307185227175,0.05
Humanoid-v5,SAC,PPO,Mann-Whitney,0.05,3,0.0,0.0,0.05
Humanoid-v5,SAC,PPO,Ranked t-test,0.05,3,0.188,0.012355403676124872,0.05
Humanoid-v5,SAC,PPO,t-test,0.05,5,0.065,0.007795832219846705,0.05
Humanoid-v5,SAC,PPO,Welch t-test,0.05,5,0.059,0.007451107300260815,0.05
Humanoid-v5,SAC,PPO,Mann-Whitney,0.05,5,0.053,0.00708456067798138,0.05
Humanoid-v5,SAC,PPO,Ranked t-test,0.05,5,0.081,0.008627803892068943,0.05
Humanoid-v5,SAC,PPO,t-test,0.05,10,0.057,0.007331507348424334,0.05
Humanoid-v5,SAC,PPO,Welch t-test,0.05,10,0.064,0.007739767438366608,0.05
Humanoid-v5,SAC,PPO,Mann-Whitney,0.05,10,0.074,0.00827792244467173,0.05
Humanoid-v5,SAC,PPO,Ranked t-test,0.05,10,0.085,0.008819013550278738,0.05
Humanoid-v5,SAC,PPO,t-test,0.05,20,0.059,0.007451107300260815,0.05
Humanoid-v5,SAC,PPO,Welch t-test,0.05,20,0.057,0.007331507348424334,0.05
Humanoid-v5,SAC,PPO,Mann-Whitney,0.05,20,0.084,0.008771772910877254,0.05
Humanoid-v5,SAC,PPO,Ranked t-test,0.05,20,0.093,0.009184280047995052,0.05
Humanoid-v5,SAC,PPO,t-test,0.05,30,0.063,0.007683163410991596,0.05
Humanoid-v5,SAC,PPO,Welch t-test,0.05,30,0.052,0.007021111023192838,0.05
Humanoid-v5,SAC,PPO,Mann-Whitney,0.05,30,0.076,0.008379976133617566,0.05
Humanoid-v5,SAC,PPO,Ranked t-test,0.05,30,0.09,0.009049861877399014,0.05
Humanoid-v5,SAC,PPO,t-test,0.01,2,0.045,0.0065555320150236475,0.01
Humanoid-v5,SAC,PPO,Welch t-test,0.01,2,0.019,0.004317290817167636,0.01
Humanoid-v5,SAC,PPO,Mann-Whitney,0.01,2,0.0,0.0,0.01
Humanoid-v5,SAC,PPO,Ranked t-test,0.01,2,0.001,0.0009994998749374609,0.01
Humanoid-v5,SAC,PPO,t-test,0.01,3,0.031,0.0054807846153630225,0.01
Humanoid-v5,SAC,PPO,Welch t-test,0.01,3,0.015,0.003843826218756514,0.01
Humanoid-v5,SAC,PPO,Mann-Whitney,0.01,3,0.0,0.0,0.01
Humanoid-v5,SAC,PPO,Ranked t-test,0.01,3,0.0,0.0,0.01
Humanoid-v5,SAC,PPO,t-test,0.01,5,0.026,0.0050322956987840055,0.01
Humanoid-v5,SAC,PPO,Welch t-test,0.01,5,0.014,0.003715373467095872,0.01
Humanoid-v5,SAC,PPO,Mann-Whitney,0.01,5,0.02,0.004427188724235731,0.01
Humanoid-v5,SAC,PPO,Ranked t-test,0.01,5,0.043,0.006414904519944158,0.01
Humanoid-v5,SAC,PPO,t-test,0.01,10,0.018,0.004204283529925164,0.01
Humanoid-v5,SAC,PPO,Welch t-test,0.01,10,0.013,0.003582038525755969,0.01
Humanoid-v5,SAC,PPO,Mann-Whitney,0.01,10,0.022,0.0046385342512479085,0.01
Humanoid-v5,SAC,PPO,Ranked t-test,0.01,10,0.019,0.004317290817167636,0.01
Humanoid-v5,SAC,PPO,t-test,0.01,20,0.013,0.003582038525755969,0.01
Humanoid-v5,SAC,PPO,Welch t-test,0.01,20,0.009,0.002986469487538756,0.01
Humanoid-v5,SAC,PPO,Mann-Whitney,0.01,20,0.033,0.005648982209212559,0.01
Humanoid-v5,SAC,PPO,Ranked t-test,0.01,20,0.032,0.005565608681896348,0.01
Humanoid-v5,SAC,PPO,t-test,0.01,30,0.009,0.002986469487538756,0.01
Humanoid-v5,SAC,PPO,Welch t-test,0.01,30,0.007,0.0026364749192814255,0.01
Humanoid-v5,SAC,PPO,Mann-Whitney,0.01,30,0.029,0.005306505441436953,0.01
Humanoid-v5,SAC,PPO,Ranked t-test,0.01,30,0.03,0.005394441583704471,0.01
Humanoid-v5,TD3,DDPG,t-test,0.05,2,0.055,0.00720936890441875,0.05
Humanoid-v5,TD3,DDPG,Welch t-test,0.05,2,0.025,0.0049371044145328745,0.05
Humanoid-v5,TD3,DDPG,Mann-Whitney,0.05,2,0.0,0.0,0.05
Humanoid-v5,TD3,DDPG,Ranked t-test,0.05,2,0.0,0.0,0.05
Humanoid-v5,TD3,DDPG,t-test,0.05,3,0.033,0.005648982209212559,0.05
Humanoid-v5,TD3,DDPG,Welch t-test,0.05,3,0.016,0.003967870965643918,0.05
Humanoid-v5,TD3,DDPG,Mann-Whitney,0.05,3,0.0,0.0,0.05
Humanoid-v5,TD3,DDPG,Ranked t-test,0.05,3,0.108,0.009815090422405696,0.05
Humanoid-v5,TD3,DDPG,t-test,0.05,5,0.023,0.004740358636221525,0.05
Humanoid-v5,TD3,DDPG,Welch t-test,0.05,5,0.019,0.004317290817167636,0.05
Humanoid-v5,TD3,DDPG,Mann-Whitney,0.05,5,0.04,0.0061967733539318665,0.05
Humanoid-v5,TD3,DDPG,Ranked t-test,0.05,5,0.068,0.007960904471226871,0.05
Humanoid-v5,TD3,DDPG,t-test,0.05,10,0.037,0.005969170796685248,0.05
Humanoid-v5,TD3,DDPG,Welch t-test,0.05,10,0.028,0.005216895628628198,0.05
Humanoid-v5,TD3,DDPG,Mann-Whitney,0.05,10,0.056,0.007270763371201128,0.05
Humanoid-v5,TD3,DDPG,Ranked t-test,0.05,10,0.069,0.008014923580421713,0.05
Humanoid-v5,TD3,DDPG,t-test,0.05,20,0.034,0.005730968504537431,0.05
Humanoid-v5,TD3,DDPG,Welch t-test,0.05,20,0.049,0.006826346021115542,0.05
Humanoid-v5,TD3,DDPG,Mann-Whitney,0.05,20,0.087,0.00891240708226459,0.05
Humanoid-v5,TD3,DDPG,Ranked t-test,0.05,20,0.076,0.008379976133617566,0.05
Humanoid-v5,TD3,DDPG,t-test,0.05,30,0.056,0.007270763371201128,0.05
Humanoid-v5,TD3,DDPG,Welch t-test,0.05,30,0.037,0.005969170796685248,0.05
Humanoid-v5,TD3,DDPG,Mann-Whitney,0.05,30,0.082,0.008676174272108648,0.05
Humanoid-v5,TD3,DDPG,Ranked t-test,0.05,30,0.077,0.00843036179532053,0.05
Humanoid-v5,TD3,DDPG,t-test,0.01,2,0.016,0.003967870965643918,0.01
Humanoid-v5,TD3,DDPG,Welch t-test,0.01,2,0.009,0.002986469487538756,0.01
Humanoid-v5,TD3,DDPG,Mann-Whitney,0.01,2,0.0,0.0,0.01
Humanoid-v5,TD3,DDPG,Ranked t-test,0.01,2,0.0,0.0,0.01
Humanoid-v5,TD3,DDPG,t-test,0.01,3,0.008,0.0028170906978654416,0.01
Humanoid-v5,TD3,DDPG,Welch t-test,0.01,3,0.008,0.0028170906978654416,0.01
Humanoid-v5,TD3,DDPG,Mann-Whitney,0.01,3,0.0,0.0,0.01
Humanoid-v5,TD3,DDPG,Ranked t-test,0.01,3,0.001,0.0009994998749374609,0.01
Humanoid-v5,TD3,DDPG,t-test,0.01,5,0.007,0.0026364749192814255,0.01
Humanoid-v5,TD3,DDPG,Welch t-test,0.01,5,0.003,0.001729450779872038,0.01
Humanoid-v5,TD3,DDPG,Mann-Whitney,0.01,5,0.002,0.0014127986409959489,0.01
Humanoid-v5,TD3,DDPG,Ranked t-test,0.01,5,0.017,0.004087909000944126,0.01
Humanoid-v5,TD3,DDPG,t-test,0.01,10,0.007,0.0026364749192814255,0.01
Humanoid-v5,TD3,DDPG,Welch t-test,0.01,10,0.003,0.001729450779872038,0.01
Humanoid-v5,TD3,DDPG,Mann-Whitney,0.01,10,0.009,0.002986469487538756,0.01
Humanoid-v5,TD3,DDPG,Ranked t-test,0.01,10,0.016,0.003967870965643918,0.01
Humanoid-v5,TD3,DDPG,t-test,0.01,20,0.009,0.002986469487538756,0.01
Humanoid-v5,TD3,DDPG,Welch t-test,0.01,20,0.005,0.0022304708023195463,0.01
Humanoid-v5,TD3,DDPG,Mann-Whitney,0.01,20,0.016,0.003967870965643918,0.01
Humanoid-v5,TD3,DDPG,Ranked t-test,0.01,20,0.021,0.004534203347888138,0.01
Humanoid-v5,TD3,DDPG,t-test,0.01,30,0.007,0.0026364749192814255,0.01
Humanoid-v5,TD3,DDPG,Welch t-test,0.01,30,0.01,0.003146426544510455,0.01
Humanoid-v5,TD3,DDPG,Mann-Whitney,0.01,30,0.021,0.004534203347888138,0.01
Humanoid-v5,TD3,DDPG,Ranked t-test,0.01,30,0.022,0.0046385342512479085,0.01
Humanoid-v5,TD3,PPO,t-test,0.05,2,0.073,0.008226238508577295,0.05
Humanoid-v5,TD3,PPO,Welch t-test,0.05,2,0.041,0.006270486424512854,0.05
Humanoid-v5,TD3,PPO,Mann-Whitney,0.05,2,0.0,0.0,0.05
Humanoid-v5,TD3,PPO,Ranked t-test,0.05,2,0.001,0.0009994998749374609,0.05
Humanoid-v5,TD3,PPO,t-test,0.05,3,0.052,0.007021111023192838,0.05
Humanoid-v5,TD3,PPO,Welch t-test,0.05,3,0.029,0.005306505441436953,0.05
Humanoid-v5,TD3,PPO,Mann-Whitney,0.05,3,0.0,0.0,0.05
Humanoid-v5,TD3,PPO,Ranked t-test,0.05,3,0.18,0.012149074038789953,0.05
Humanoid-v5,TD3,PPO,t-test,0.05,5,0.047,0.006692607862410586,0.05
Humanoid-v5,TD3,PPO,Welch t-test,0.05,5,0.039,0.006122009474020765,0.05
Humanoid-v5,TD3,PPO,Mann-Whitney,0.05,5,0.071,0.008121514637061242,0.05
Humanoid-v5,TD3,PPO,Ranked t-test,0.05,5,0.13,0.010634848376916336,0.05
Humanoid-v5,TD3,PPO,t-test,0.05,10,0.05,0.006892024376045111,0.05
Humanoid-v5,TD3,PPO,Welch t-test,0.05,10,0.039,0.006122009474020765,0.05
Humanoid-v5,TD3,PPO,Mann-Whitney,0.05,10,0.159,0.011563693181678594,0.05
Humanoid-v5,TD3,PPO,Ranked t-test,0.05,10,0.215,0.012991343271578963,0.05
Humanoid-v5,TD3,PPO,t-test,0.05,20,0.056,0.007270763371201128,0.05
Humanoid-v5,TD3,PPO,Welch t-test,0.05,20,0.037,0.005969170796685248,0.05
Humanoid-v5,TD3,PPO,Mann-Whitney,0.05,20,0.303,0.014532412050310162,0.05
Humanoid-v5,TD3,PPO,Ranked t-test,0.05,20,0.326,0.01482309009619789,0.05
Humanoid-v5,TD3,PPO,t-test,0.05,30,0.044,0.006485676526007136,0.05
Humanoid-v5,TD3,PPO,Welch t-test,0.05,30,0.057,0.007331507348424334,0.05
Humanoid-v5,TD3,PPO,Mann-Whitney,0.05,30,0.47,0.015782902141241326,0.05
Humanoid-v5,TD3,PPO,Ranked t-test,0.05,30,0.469,0.01578096955196353,0.05
Humanoid-v5,TD3,PPO,t-test,0.01,2,0.022,0.0046385342512479085,0.01
Humanoid-v5,TD3,PPO,Welch t-test,0.01,2,0.008,0.0028170906978654416,0.01
Humanoid-v5,TD3,PPO,Mann-Whitney,0.01,2,0.0,0.0,0.01
Humanoid-v5,TD3,PPO,Ranked t-test,0.01,2,0.0,0.0,0.01
Humanoid-v5,TD3,PPO,t-test,0.01,3,0.017,0.004087909000944126,0.01
Humanoid-v5,TD3,PPO,Welch t-test,0.01,3,0.008,0.0028170906978654416,0.01
Humanoid-v5,TD3,PPO,Mann-Whitney,0.01,3,0.0,0.0,0.01
Humanoid-v5,TD3,PPO,Ranked t-test,0.01,3,0.001,0.0009994998749374609,0.01
Humanoid-v5,TD3,PPO,t-test,0.01,5,0.005,0.0022304708023195463,0.01
Humanoid-v5,TD3,PPO,Welch t-test,0.01,5,0.007,0.0026364749192814255,0.01
Humanoid-v5,TD3,PPO,Mann-Whitney,0.01,5,0.014,0.003715373467095872,0.01
Humanoid-v5,TD3,PPO,Ranked t-test,0.01,5,0.041,0.006270486424512854,0.01
Humanoid-v5,TD3,PPO,t-test,0.01,10,0.006,0.002442130217658346,0.01
Humanoid-v5,TD3,PPO,Welch t-test,0.01,10,0.017,0.004087909000944126,0.01
Humanoid-v5,TD3,PPO,Mann-Whitney,0.01,10,0.056,0.007270763371201128,0.01
Humanoid-v5,TD3,PPO,Ranked t-test,0.01,10,0.063,0.007683163410991596,0.01
Humanoid-v5,TD3,PPO,t-test,0.01,20,0.006,0.002442130217658346,0.01
Humanoid-v5,TD3,PPO,Welch t-test,0.01,20,0.008,0.0028170906978654416,0.01
Humanoid-v5,TD3,PPO,Mann-Whitney,0.01,20,0.141,0.011005407761641547,0.01
Humanoid-v5,TD3,PPO,Ranked t-test,0.01,20,0.143,0.011070275515993266,0.01
Humanoid-v5,TD3,PPO,t-test,0.01,30,0.008,0.0028170906978654416,0.01
Humanoid-v5,TD3,PPO,Welch t-test,0.01,30,0.009,0.002986469487538756,0.01
Humanoid-v5,TD3,PPO,Mann-Whitney,0.01,30,0.22,0.013099618315050252,0.01
Humanoid-v5,TD3,PPO,Ranked t-test,0.01,30,0.242,0.013543854695026818,0.01
Humanoid-v5,DDPG,PPO,t-test,0.05,2,0.071,0.008121514637061242,0.05
Humanoid-v5,DDPG,PPO,Welch t-test,0.05,2,0.043,0.006414904519944158,0.05
Humanoid-v5,DDPG,PPO,Mann-Whitney,0.05,2,0.0,0.0,0.05
Humanoid-v5,DDPG,PPO,Ranked t-test,0.05,2,0.0,0.0,0.05
Humanoid-v5,DDPG,PPO,t-test,0.05,3,0.064,0.007739767438366608,0.05
Humanoid-v5,DDPG,PPO,Welch t-test,0.05,3,0.038,0.006046155803483731,0.05
Humanoid-v5,DDPG,PPO,Mann-Whitney,0.05,3,0.0,0.0,0.05
Humanoid-v5,DDPG,PPO,Ranked t-test,0.05,3,0.167,0.01179453263168999,0.05
Humanoid-v5,DDPG,PPO,t-test,0.05,5,0.044,0.006485676526007136,0.05
Humanoid-v5,DDPG,PPO,Welch t-test,0.05,5,0.034,0.005730968504537431,0.05
Humanoid-v5,DDPG,PPO,Mann-Whitney,0.05,5,0.065,0.007795832219846705,0.05
Humanoid-v5,DDPG,PPO,Ranked t-test,0.05,5,0.121,0.010313049985334114,0.05
Humanoid-v5,DDPG,PPO,t-test,0.05,10,0.05,0.006892024376045111,0.05
Humanoid-v5,DDPG,PPO,Welch t-test,0.05,10,0.05,0.006892024376045111,0.05
Humanoid-v5,DDPG,PPO,Mann-Whitney,0.05,10,0.137,0.010873407929439602,0.05
Humanoid-v5,DDPG,PPO,Ranked t-test,0.05,10,0.173,0.011961229033840962,0.05
Humanoid-v5,DDPG,PPO,t-test,0.05,20,0.066,0.007851369307324678,0.05
Humanoid-v5,DDPG,PPO,Welch t-test,0.05,20,0.049,0.006826346021115542,0.05
Humanoid-v5,DDPG,PPO,Mann-Whitney,0.05,20,0.276,0.014135911714495106,0.05
Humanoid-v5,DDPG,PPO,Ranked t-test,0.05,20,0.307,0.01458598642533305,0.05
Humanoid-v5,DDPG,PPO,t-test,0.05,30,0.055,0.00720936890441875,0.05
Humanoid-v5,DDPG,PPO,Welch t-test,0.05,30,0.053,0.00708456067798138,0.05
Humanoid-v5,DDPG,PPO,Mann-Whitney,0.05,30,0.39,0.01542400726140908,0.05
Humanoid-v5,DDPG,PPO,Ranked t-test,0.05,30,0.406,0.015529455882290275,0.05
Humanoid-v5,DDPG,PPO,t-test,0.01,2,0.02,0.004427188724235731,0.01
Humanoid-v5,DDPG,PPO,Welch t-test,0.01,2,0.009,0.002986469487538756,0.01
Humanoid-v5,DDPG,PPO,Mann-Whitney,0.01,2,0.0,0.0,0.01
Humanoid-v5,DDPG,PPO,Ranked t-test,0.01,2,0.001,0.0009994998749374609,0.01
Humanoid-v5,DDPG,PPO,t-test,0.01,3,0.024,0.004839834707921336,0.01
Humanoid-v5,DDPG,PPO,Welch t-test,0.01,3,0.007,0.0026364749192814255,0.01
Humanoid-v5,DDPG,PPO,Mann-Whitney,0.01,3,0.0,0.0,0.01
Humanoid-v5,DDPG,PPO,Ranked t-test,0.01,3,0.0,0.0,0.01
Humanoid-v5,DDPG,PPO,t-test,0.01,5,0.013,0.003582038525755969,0.01
Humanoid-v5,DDPG,PPO,Welch t-test,0.01,5,0.008,0.0028170906978654416,0.01
Humanoid-v5,DDPG,PPO,Mann-Whitney,0.01,5,0.01,0.003146426544510455,0.01
Humanoid-v5,DDPG,PPO,Ranked t-test,0.01,5,0.037,0.005969170796685248,0.01
Humanoid-v5,DDPG,PPO,t-test,0.01,10,0.011,0.003298332912245215,0.01
Humanoid-v5,DDPG,PPO,Welch t-test,0.01,10,0.004,0.001995995991979944,0.01
Humanoid-v5,DDPG,PPO,Mann-Whitney,0.01,10,0.048,0.006759881655768835,0.01
Humanoid-v5,DDPG,PPO,Ranked t-test,0.01,10,0.062,0.007626008130076967,0.01
Humanoid-v5,DDPG,PPO,t-test,0.01,20,0.016,0.003967870965643918,0.01
Humanoid-v5,DDPG,PPO,Welch t-test,0.01,20,0.007,0.0026364749192814255,0.01
Humanoid-v5,DDPG,PPO,Mann-Whitney,0.01,20,0.108,0.009815090422405696,0.01
Humanoid-v5,DDPG,PPO,Ranked t-test,0.01,20,0.154,0.011414201680362931,0.01
Humanoid-v5,DDPG,PPO,t-test,0.01,30,0.02,0.004427188724235731,0.01
Humanoid-v5,DDPG,PPO,Welch t-test,0.01,30,0.007,0.0026364749192814255,0.01
Humanoid-v5,DDPG,PPO,Mann-Whitney,0.01,30,0.201,0.012672766075328622,0.01
Humanoid-v5,DDPG,PPO,Ranked t-test,0.01,30,0.205,0.0127661662216971,0.01
