task,algo1,algo2,test,alpha,epsilon,target_n,power,se
Hopper-v5,SAC,TD3,t-test,0.05,0.5,2,0.182,0.012201475320632338
Hopper-v5,SAC,TD3,Welch t-test,0.05,0.5,2,0.094,0.009228434320078352
Hopper-v5,SAC,TD3,Mann-Whitney,0.05,0.5,2,0.0,0.0
Hopper-v5,SAC,TD3,Ranked t-test,0.05,0.5,2,0.0,0.0
Hopper-v5,SAC,TD3,bootstrap,0.05,0.5,2,0.645,0.015131919904625453
Hopper-v5,SAC,TD3,permutation,0.05,0.5,2,0.683,0.014714312760030622
Hopper-v5,SAC,TD3,t-test,0.05,0.5,3,0.226,0.013225883713385657
Hopper-v5,SAC,TD3,Welch t-test,0.05,0.5,3,0.159,0.011563693181678594
Hopper-v5,SAC,TD3,Mann-Whitney,0.05,0.5,3,0.0,0.0
Hopper-v5,SAC,TD3,Ranked t-test,0.05,0.5,3,0.153,0.011383804285035824
Hopper-v5,SAC,TD3,bootstrap,0.05,0.5,3,0.545,0.015747221977225064
Hopper-v5,SAC,TD3,permutation,0.05,0.5,3,0.524,0.01579316307773715
Hopper-v5,SAC,TD3,t-test,0.05,0.5,5,0.262,0.013905250806799567
Hopper-v5,SAC,TD3,Welch t-test,0.05,0.5,5,0.182,0.012201475320632338
Hopper-v5,SAC,TD3,Mann-Whitney,0.05,0.5,5,0.07,0.008068457101577725
Hopper-v5,SAC,TD3,Ranked t-test,0.05,0.5,5,0.115,0.010088359628799918
Hopper-v5,SAC,TD3,bootstrap,0.05,0.5,5,0.449,0.015728922404284407
Hopper-v5,SAC,TD3,permutation,0.05,0.5,5,0.374,0.015301111070768685
Hopper-v5,SAC,TD3,t-test,0.05,0.5,10,0.304,0.014545927265045703
Hopper-v5,SAC,TD3,Welch t-test,0.05,0.5,10,0.285,0.014274978108564651
Hopper-v5,SAC,TD3,Mann-Whitney,0.05,0.5,10,0.185,0.012279047194306243
Hopper-v5,SAC,TD3,Ranked t-test,0.05,0.5,10,0.24,0.013505554412907307
Hopper-v5,SAC,TD3,bootstrap,0.05,0.5,10,0.345,0.015032464867745409
Hopper-v5,SAC,TD3,permutation,0.05,0.5,10,0.307,0.01458598642533305
Hopper-v5,SAC,TD3,t-test,0.05,0.5,20,0.371,0.015276092432294327
Hopper-v5,SAC,TD3,Welch t-test,0.05,0.5,20,0.378,0.015333492752794452
Hopper-v5,SAC,TD3,Mann-Whitney,0.05,0.5,20,0.381,0.015357050498061143
Hopper-v5,SAC,TD3,Ranked t-test,0.05,0.5,20,0.358,0.01516034300403523
Hopper-v5,SAC,TD3,bootstrap,0.05,0.5,20,0.395,0.015458816254810716
Hopper-v5,SAC,TD3,permutation,0.05,0.5,20,0.409,0.015547314880711717
Hopper-v5,SAC,TD3,t-test,0.05,0.5,30,0.535,0.015772602828956293
Hopper-v5,SAC,TD3,Welch t-test,0.05,0.5,30,0.498,0.01581126180922952
Hopper-v5,SAC,TD3,Mann-Whitney,0.05,0.5,30,0.516,0.015803290796539814
Hopper-v5,SAC,TD3,Ranked t-test,0.05,0.5,30,0.548,0.015738360778683402
Hopper-v5,SAC,TD3,bootstrap,0.05,0.5,30,0.483,0.01580224667571039
Hopper-v5,SAC,TD3,permutation,0.05,0.5,30,0.521,0.015797436500901024
Hopper-v5,SAC,TD3,t-test,0.05,1.0,2,0.363,0.015206281596761254
Hopper-v5,SAC,TD3,Welch t-test,0.05,1.0,2,0.203,0.012719709116170857
Hopper-v5,SAC,TD3,Mann-Whitney,0.05,1.0,2,0.0,0.0
Hopper-v5,SAC,TD3,Ranked t-test,0.05,1.0,2,0.001,0.0009994998749374609
Hopper-v5,SAC,TD3,bootstrap,0.05,1.0,2,0.694,0.014572714228996602
Hopper-v5,SAC,TD3,permutation,0.05,1.0,2,0.711,0.0143345387090063
Hopper-v5,SAC,TD3,t-test,0.05,1.0,3,0.4,0.015491933384829668
Hopper-v5,SAC,TD3,Welch t-test,0.05,1.0,3,0.287,0.01430492922037715
Hopper-v5,SAC,TD3,Mann-Whitney,0.05,1.0,3,0.0,0.0
Hopper-v5,SAC,TD3,Ranked t-test,0.05,1.0,3,0.275,0.014120021246442939
Hopper-v5,SAC,TD3,bootstrap,0.05,1.0,3,0.632,0.015250442616527561
Hopper-v5,SAC,TD3,permutation,0.05,1.0,3,0.585,0.015581238718407468
Hopper-v5,SAC,TD3,t-test,0.05,1.0,5,0.485,0.01580427157448264
Hopper-v5,SAC,TD3,Welch t-test,0.05,1.0,5,0.47,0.015782902141241326
Hopper-v5,SAC,TD3,Mann-Whitney,0.05,1.0,5,0.207,0.012812142677944232
Hopper-v5,SAC,TD3,Ranked t-test,0.05,1.0,5,0.284,0.014259873772232347
Hopper-v5,SAC,TD3,bootstrap,0.05,1.0,5,0.567,0.015668790636165896
Hopper-v5,SAC,TD3,permutation,0.05,1.0,5,0.487,0.015806043148112688
Hopper-v5,SAC,TD3,t-test,0.05,1.0,10,0.59,0.01555313473226539
Hopper-v5,SAC,TD3,Welch t-test,0.05,1.0,10,0.578,0.015617810345883958
Hopper-v5,SAC,TD3,Mann-Whitney,0.05,1.0,10,0.462,0.01576565888252058
Hopper-v5,SAC,TD3,Ranked t-test,0.05,1.0,10,0.514,0.015805189021330938
Hopper-v5,SAC,TD3,bootstrap,0.05,1.0,10,0.615,0.015387494922826133
Hopper-v5,SAC,TD3,permutation,0.05,1.0,10,0.561,0.015693278816104682
Hopper-v5,SAC,TD3,t-test,0.05,1.0,20,0.851,0.011260506205317771
Hopper-v5,SAC,TD3,Welch t-test,0.05,1.0,20,0.839,0.011622349160131098
Hopper-v5,SAC,TD3,Mann-Whitney,0.05,1.0,20,0.835,0.011737759581794136
Hopper-v5,SAC,TD3,Ranked t-test,0.05,1.0,20,0.836,0.011709141727727102
Hopper-v5,SAC,TD3,bootstrap,0.05,1.0,20,0.844,0.011474493452871897
Hopper-v5,SAC,TD3,permutation,0.05,1.0,20,0.855,0.011134406135937382
Hopper-v5,SAC,TD3,t-test,0.05,1.0,30,0.946,0.0071473071852271785
Hopper-v5,SAC,TD3,Welch t-test,0.05,1.0,30,0.95,0.006892024376045114
Hopper-v5,SAC,TD3,Mann-Whitney,0.05,1.0,30,0.929,0.008121514637061239
Hopper-v5,SAC,TD3,Ranked t-test,0.05,1.0,30,0.931,0.008014923580421711
Hopper-v5,SAC,TD3,bootstrap,0.05,1.0,30,0.955,0.00655553201502365
Hopper-v5,SAC,TD3,permutation,0.05,1.0,30,0.945,0.007209368904418752
Hopper-v5,SAC,TD3,t-test,0.05,2.0,2,0.468,0.015778973350633434
Hopper-v5,SAC,TD3,Welch t-test,0.05,2.0,2,0.373,0.015292841462592882
Hopper-v5,SAC,TD3,Mann-Whitney,0.05,2.0,2,0.0,0.0
Hopper-v5,SAC,TD3,Ranked t-test,0.05,2.0,2,0.0,0.0
Hopper-v5,SAC,TD3,bootstrap,0.05,2.0,2,0.801,0.012625331678811452
Hopper-v5,SAC,TD3,permutation,0.05,2.0,2,0.829,0.011906258858264422
Hopper-v5,SAC,TD3,t-test,0.05,2.0,3,0.662,0.014958475858188226
Hopper-v5,SAC,TD3,Welch t-test,0.05,2.0,3,0.433,0.015668790636165893
Hopper-v5,SAC,TD3,Mann-Whitney,0.05,2.0,3,0.0,0.0
Hopper-v5,SAC,TD3,Ranked t-test,0.05,2.0,3,0.519,0.01579996835439869
Hopper-v5,SAC,TD3,bootstrap,0.05,2.0,3,0.798,0.01269629867323544
Hopper-v5,SAC,TD3,permutation,0.05,2.0,3,0.679,0.0147634345597493
Hopper-v5,SAC,TD3,t-test,0.05,2.0,5,0.743,0.013818502089589886
Hopper-v5,SAC,TD3,Welch t-test,0.05,2.0,5,0.718,0.014229406171727618
Hopper-v5,SAC,TD3,Mann-Whitney,0.05,2.0,5,0.374,0.015301111070768685
Hopper-v5,SAC,TD3,Ranked t-test,0.05,2.0,5,0.467,0.015776913513105152
Hopper-v5,SAC,TD3,bootstrap,0.05,2.0,5,0.81,0.012405643876881197
Hopper-v5,SAC,TD3,permutation,0.05,2.0,5,0.726,0.014104041973845655
Hopper-v5,SAC,TD3,t-test,0.05,2.0,10,0.959,0.006270486424512857
Hopper-v5,SAC,TD3,Welch t-test,0.05,2.0,10,0.964,0.005891010100144119
Hopper-v5,SAC,TD3,Mann-Whitney,0.05,2.0,10,0.768,0.013348258313353095
Hopper-v5,SAC,TD3,Ranked t-test,0.05,2.0,10,0.767,0.013368283360252356
Hopper-v5,SAC,TD3,bootstrap,0.05,2.0,10,0.968,0.005565608681896351
Hopper-v5,SAC,TD3,permutation,0.05,2.0,10,0.96,0.00619677335393187
Hopper-v5,SAC,TD3,t-test,0.05,2.0,20,1.0,0.0
Hopper-v5,SAC,TD3,Welch t-test,0.05,2.0,20,0.999,0.0009994998749374613
Hopper-v5,SAC,TD3,Mann-Whitney,0.05,2.0,20,0.976,0.004839834707921338
Hopper-v5,SAC,TD3,Ranked t-test,0.05,2.0,20,0.973,0.005125524363418832
Hopper-v5,SAC,TD3,bootstrap,0.05,2.0,20,1.0,0.0
Hopper-v5,SAC,TD3,permutation,0.05,2.0,20,1.0,0.0
Hopper-v5,SAC,TD3,t-test,0.05,2.0,30,1.0,0.0
Hopper-v5,SAC,TD3,Welch t-test,0.05,2.0,30,1.0,0.0
Hopper-v5,SAC,TD3,Mann-Whitney,0.05,2.0,30,0.999,0.0009994998749374613
Hopper-v5,SAC,TD3,Ranked t-test,0.05,2.0,30,0.998,0.0014127986409959495
Hopper-v5,SAC,TD3,bootstrap,0.05,2.0,30,1.0,0.0
Hopper-v5,SAC,TD3,permutation,0.05,2.0,30,1.0,0.0
Hopper-v5,SAC,TD3,t-test,0.01,0.5,2,0.049,0.006826346021115542
Hopper-v5,SAC,TD3,Welch t-test,0.01,0.5,2,0.022,0.0046385342512479085
Hopper-v5,SAC,TD3,Mann-Whitney,0.01,0.5,2,0.0,0.0
Hopper-v5,SAC,TD3,Ranked t-test,0.01,0.5,2,0.001,0.0009994998749374609
Hopper-v5,SAC,TD3,bootstrap,0.01,0.5,2,0.704,0.014435511767859151
Hopper-v5,SAC,TD3,permutation,0.01,0.5,2,0.692,0.014599178059055244
Hopper-v5,SAC,TD3,t-test,0.01,0.5,3,0.071,0.008121514637061242
Hopper-v5,SAC,TD3,Welch t-test,0.01,0.5,3,0.045,0.0065555320150236475
Hopper-v5,SAC,TD3,Mann-Whitney,0.01,0.5,3,0.0,0.0
Hopper-v5,SAC,TD3,Ranked t-test,0.01,0.5,3,0.0,0.0
Hopper-v5,SAC,TD3,bootstrap,0.01,0.5,3,0.551,0.015728922404284407
Hopper-v5,SAC,TD3,permutation,0.01,0.5,3,0.481,0.01579996835439869
Hopper-v5,SAC,TD3,t-test,0.01,0.5,5,0.109,0.00985489725973843
Hopper-v5,SAC,TD3,Welch t-test,0.01,0.5,5,0.068,0.007960904471226871
Hopper-v5,SAC,TD3,Mann-Whitney,0.01,0.5,5,0.01,0.003146426544510455
Hopper-v5,SAC,TD3,Ranked t-test,0.01,0.5,5,0.044,0.006485676526007136
Hopper-v5,SAC,TD3,bootstrap,0.01,0.5,5,0.413,0.0155701958882989
Hopper-v5,SAC,TD3,permutation,0.01,0.5,5,0.311,0.014638271755914358
Hopper-v5,SAC,TD3,t-test,0.01,0.5,10,0.145,0.01113440613593738
Hopper-v5,SAC,TD3,Welch t-test,0.01,0.5,10,0.131,0.010669536072388528
Hopper-v5,SAC,TD3,Mann-Whitney,0.01,0.5,10,0.062,0.007626008130076967
Hopper-v5,SAC,TD3,Ranked t-test,0.01,0.5,10,0.092,0.00913980306133562
Hopper-v5,SAC,TD3,bootstrap,0.01,0.5,10,0.276,0.014135911714495106
Hopper-v5,SAC,TD3,permutation,0.01,0.5,10,0.232,0.013348258313353095
Hopper-v5,SAC,TD3,t-test,0.01,0.5,20,0.195,0.012528966437819204
Hopper-v5,SAC,TD3,Welch t-test,0.01,0.5,20,0.224,0.013184233007649706
Hopper-v5,SAC,TD3,Mann-Whitney,0.01,0.5,20,0.184,0.012253326079069307
Hopper-v5,SAC,TD3,Ranked t-test,0.01,0.5,20,0.17,0.011878552100319299
Hopper-v5,SAC,TD3,bootstrap,0.01,0.5,20,0.265,0.013956181426163821
Hopper-v5,SAC,TD3,permutation,0.01,0.5,20,0.237,0.013447341744746431
Hopper-v5,SAC,TD3,t-test,0.01,0.5,30,0.318,0.014726710426975875
Hopper-v5,SAC,TD3,Welch t-test,0.01,0.5,30,0.299,0.014477534320456644
Hopper-v5,SAC,TD3,Mann-Whitney,0.01,0.5,30,0.319,0.014739029818817792
Hopper-v5,SAC,TD3,Ranked t-test,0.01,0.5,30,0.303,0.014532412050310162
Hopper-v5,SAC,TD3,bootstrap,0.01,0.5,30,0.29,0.01434921600645833
Hopper-v5,SAC,TD3,permutation,0.01,0.5,30,0.311,0.014638271755914358
Hopper-v5,SAC,TD3,t-test,0.01,1.0,2,0.122,0.010349685985574635
Hopper-v5,SAC,TD3,Welch t-test,0.01,1.0,2,0.053,0.00708456067798138
Hopper-v5,SAC,TD3,Mann-Whitney,0.01,1.0,2,0.0,0.0
Hopper-v5,SAC,TD3,Ranked t-test,0.01,1.0,2,0.001,0.0009994998749374609
Hopper-v5,SAC,TD3,bootstrap,0.01,1.0,2,0.719,0.014214042352547005
Hopper-v5,SAC,TD3,permutation,0.01,1.0,2,0.715,0.014274978108564651
Hopper-v5,SAC,TD3,t-test,0.01,1.0,3,0.25,0.013693063937629153
Hopper-v5,SAC,TD3,Welch t-test,0.01,1.0,3,0.191,0.012430567163247218
Hopper-v5,SAC,TD3,Mann-Whitney,0.01,1.0,3,0.0,0.0
Hopper-v5,SAC,TD3,Ranked t-test,0.01,1.0,3,0.0,0.0
Hopper-v5,SAC,TD3,bootstrap,0.01,1.0,3,0.62,0.015349267083479915
Hopper-v5,SAC,TD3,permutation,0.01,1.0,3,0.581,0.015602531845825537
Hopper-v5,SAC,TD3,t-test,0.01,1.0,5,0.288,0.014319776534569246
Hopper-v5,SAC,TD3,Welch t-test,0.01,1.0,5,0.158,0.011534123287012324
Hopper-v5,SAC,TD3,Mann-Whitney,0.01,1.0,5,0.043,0.006414904519944158
Hopper-v5,SAC,TD3,Ranked t-test,0.01,1.0,5,0.134,0.010772372069326236
Hopper-v5,SAC,TD3,bootstrap,0.01,1.0,5,0.5,0.015811388300841896
Hopper-v5,SAC,TD3,permutation,0.01,1.0,5,0.419,0.015602531845825536
Hopper-v5,SAC,TD3,t-test,0.01,1.0,10,0.433,0.015668790636165893
Hopper-v5,SAC,TD3,Welch t-test,0.01,1.0,10,0.422,0.01561781034588396
Hopper-v5,SAC,TD3,Mann-Whitney,0.01,1.0,10,0.227,0.013246546719805883
Hopper-v5,SAC,TD3,Ranked t-test,0.01,1.0,10,0.287,0.01430492922037715
Hopper-v5,SAC,TD3,bootstrap,0.01,1.0,10,0.49,0.0158082257068907
Hopper-v5,SAC,TD3,permutation,0.01,1.0,10,0.436,0.015681326474504636
Hopper-v5,SAC,TD3,t-test,0.01,1.0,20,0.653,0.01505293991218991
Hopper-v5,SAC,TD3,Welch t-test,0.01,1.0,20,0.655,0.015032464867745409
Hopper-v5,SAC,TD3,Mann-Whitney,0.01,1.0,20,0.581,0.015602531845825537
Hopper-v5,SAC,TD3,Ranked t-test,0.01,1.0,20,0.598,0.015504708962118573
Hopper-v5,SAC,TD3,bootstrap,0.01,1.0,20,0.686,0.01467664811869522
Hopper-v5,SAC,TD3,permutation,0.01,1.0,20,0.67,0.014869431730903503
Hopper-v5,SAC,TD3,t-test,0.01,1.0,30,0.853,0.011197812286335219
Hopper-v5,SAC,TD3,Welch t-test,0.01,1.0,30,0.848,0.011353237423748348
Hopper-v5,SAC,TD3,Mann-Whitney,0.01,1.0,30,0.818,0.01220147532063234
Hopper-v5,SAC,TD3,Ranked t-test,0.01,1.0,30,0.818,0.01220147532063234
Hopper-v5,SAC,TD3,bootstrap,0.01,1.0,30,0.868,0.010704017937204702
Hopper-v5,SAC,TD3,permutation,0.01,1.0,30,0.84,0.011593101396951551
Hopper-v5,SAC,TD3,t-test,0.01,2.0,2,0.34,0.014979986648859203
Hopper-v5,SAC,TD3,Welch t-test,0.01,2.0,2,0.134,0.010772372069326236
Hopper-v5,SAC,TD3,Mann-Whitney,0.01,2.0,2,0.0,0.0
Hopper-v5,SAC,TD3,Ranked t-test,0.01,2.0,2,0.0,0.0
Hopper-v5,SAC,TD3,bootstrap,0.01,2.0,2,0.817,0.012227469075814505
Hopper-v5,SAC,TD3,permutation,0.01,2.0,2,0.798,0.01269629867323544
Hopper-v5,SAC,TD3,t-test,0.01,2.0,3,0.385,0.015387494922826133
Hopper-v5,SAC,TD3,Welch t-test,0.01,2.0,3,0.251,0.013711272734505722
Hopper-v5,SAC,TD3,Mann-Whitney,0.01,2.0,3,0.0,0.0
Hopper-v5,SAC,TD3,Ranked t-test,0.01,2.0,3,0.0,0.0
Hopper-v5,SAC,TD3,bootstrap,0.01,2.0,3,0.722,0.01416742743055351
Hopper-v5,SAC,TD3,permutation,0.01,2.0,3,0.63,0.015267612779999367
Hopper-v5,SAC,TD3,t-test,0.01,2.0,5,0.619,0.015357050498061143
Hopper-v5,SAC,TD3,Welch t-test,0.01,2.0,5,0.529,0.01578477114183161
Hopper-v5,SAC,TD3,Mann-Whitney,0.01,2.0,5,0.24,0.013505554412907307
Hopper-v5,SAC,TD3,Ranked t-test,0.01,2.0,5,0.346,0.015042739112276061
Hopper-v5,SAC,TD3,bootstrap,0.01,2.0,5,0.727,0.014087973594523805
Hopper-v5,SAC,TD3,permutation,0.01,2.0,5,0.522,0.015796075461962062
Hopper-v5,SAC,TD3,t-test,0.01,2.0,10,0.877,0.010386096475577337
Hopper-v5,SAC,TD3,Welch t-test,0.01,2.0,10,0.854,0.011166198995181844
Hopper-v5,SAC,TD3,Mann-Whitney,0.01,2.0,10,0.472,0.015786576576319513
Hopper-v5,SAC,TD3,Ranked t-test,0.01,2.0,10,0.579,0.015612783224012303
Hopper-v5,SAC,TD3,bootstrap,0.01,2.0,10,0.9,0.009486832980505136
Hopper-v5,SAC,TD3,permutation,0.01,2.0,10,0.836,0.011709141727727102
Hopper-v5,SAC,TD3,t-test,0.01,2.0,20,0.999,0.0009994998749374613
Hopper-v5,SAC,TD3,Welch t-test,0.01,2.0,20,0.999,0.0009994998749374613
Hopper-v5,SAC,TD3,Mann-Whitney,0.01,2.0,20,0.904,0.009315793041926167
Hopper-v5,SAC,TD3,Ranked t-test,0.01,2.0,20,0.898,0.009570579919733181
Hopper-v5,SAC,TD3,bootstrap,0.01,2.0,20,0.998,0.0014127986409959495
Hopper-v5,SAC,TD3,permutation,0.01,2.0,20,0.995,0.002230470802319547
Hopper-v5,SAC,TD3,t-test,0.01,2.0,30,1.0,0.0
Hopper-v5,SAC,TD3,Welch t-test,0.01,2.0,30,1.0,0.0
Hopper-v5,SAC,TD3,Mann-Whitney,0.01,2.0,30,0.985,0.0038438262187565153
Hopper-v5,SAC,TD3,Ranked t-test,0.01,2.0,30,0.982,0.004204283529925166
Hopper-v5,SAC,TD3,bootstrap,0.01,2.0,30,1.0,0.0
Hopper-v5,SAC,TD3,permutation,0.01,2.0,30,1.0,0.0
Walker2d-v5,SAC,TD3,t-test,0.05,0.5,2,0.06,0.007509993342207435
Walker2d-v5,SAC,TD3,Welch t-test,0.05,0.5,2,0.03,0.005394441583704471
Walker2d-v5,SAC,TD3,Mann-Whitney,0.05,0.5,2,0.0,0.0
Walker2d-v5,SAC,TD3,Ranked t-test,0.05,0.5,2,0.0,0.0
Walker2d-v5,SAC,TD3,bootstrap,0.05,0.5,2,0.385,0.015387494922826133
Walker2d-v5,SAC,TD3,permutation,0.05,0.5,2,0.411,0.015558888135082145
Walker2d-v5,SAC,TD3,t-test,0.05,0.5,3,0.079,0.008529888627643388
Walker2d-v5,SAC,TD3,Welch t-test,0.05,0.5,3,0.046,0.006624499981130651
Walker2d-v5,SAC,TD3,Mann-Whitney,0.05,0.5,3,0.0,0.0
Walker2d-v5,SAC,TD3,Ranked t-test,0.05,0.5,3,0.158,0.011534123287012324
Walker2d-v5,SAC,TD3,bootstrap,0.05,0.5,3,0.31,0.014625320509308504
Walker2d-v5,SAC,TD3,permutation,0.05,0.5,3,0.169,0.011850696182081457
Walker2d-v5,SAC,TD3,t-test,0.05,0.5,5,0.135,0.010806248192596726
Walker2d-v5,SAC,TD3,Welch t-test,0.05,0.5,5,0.093,0.009184280047995052
Walker2d-v5,SAC,TD3,Mann-Whitney,0.05,0.5,5,0.078,0.008480330182251162
Walker2d-v5,SAC,TD3,Ranked t-test,0.05,0.5,5,0.132,0.010704017937204702
Walker2d-v5,SAC,TD3,bootstrap,0.05,0.5,5,0.316,0.014701836619960105
Walker2d-v5,SAC,TD3,permutation,0.05,0.5,5,0.146,0.011166198995181842
Walker2d-v5,SAC,TD3,t-test,0.05,0.5,10,0.213,0.012947239087929134
Walker2d-v5,SAC,TD3,Welch t-test,0.05,0.5,10,0.235,0.013408019988051927
Walker2d-v5,SAC,TD3,Mann-Whitney,0.05,0.5,10,0.23,0.013307892395116516
Walker2d-v5,SAC,TD3,Ranked t-test,0.05,0.5,10,0.208,0.0128349522788361
Walker2d-v5,SAC,TD3,bootstrap,0.05,0.5,10,0.335,0.014925649064613574
Walker2d-v5,SAC,TD3,permutation,0.05,0.5,10,0.276,0.014135911714495106
Walker2d-v5,SAC,TD3,t-test,0.05,0.5,20,0.367,0.015241751867813621
Walker2d-v5,SAC,TD3,Welch t-test,0.05,0.5,20,0.412,0.015564575162849772
Walker2d-v5,SAC,TD3,Mann-Whitney,0.05,0.5,20,0.395,0.015458816254810716
Walker2d-v5,SAC,TD3,Ranked t-test,0.05,0.5,20,0.434,0.015673034167001616
Walker2d-v5,SAC,TD3,bootstrap,0.05,0.5,20,0.402,0.015504708962118573
Walker2d-v5,SAC,TD3,permutation,0.05,0.5,20,0.368,0.015250442616527561
Walker2d-v5,SAC,TD3,t-test,0.05,0.5,30,0.479,0.015797436500901024
Walker2d-v5,SAC,TD3,Welch t-test,0.05,0.5,30,0.504,0.01581088232832058
Walker2d-v5,SAC,TD3,Mann-Whitney,0.05,0.5,30,0.556,0.015711906313366306
Walker2d-v5,SAC,TD3,Ranked t-test,0.05,0.5,30,0.6,0.015491933384829668
Walker2d-v5,SAC,TD3,bootstrap,0.05,0.5,30,0.513,0.015806043148112688
Walker2d-v5,SAC,TD3,permutation,0.05,0.5,30,0.489,0.015807561481771943
Walker2d-v5,SAC,TD3,t-test,0.05,1.0,2,0.131,0.010669536072388528
Walker2d-v5,SAC,TD3,Welch t-test,0.05,1.0,2,0.054,0.007147307185227175
Walker2d-v5,SAC,TD3,Mann-Whitney,0.05,1.0,2,0.0,0.0
Walker2d-v5,SAC,TD3,Ranked t-test,0.05,1.0,2,0.0,0.0
Walker2d-v5,SAC,TD3,bootstrap,0.05,1.0,2,0.572,0.015646597074124458
Walker2d-v5,SAC,TD3,permutation,0.05,1.0,2,0.57,0.015655669899432602
Walker2d-v5,SAC,TD3,t-test,0.05,1.0,3,0.214,0.012969348480166612
Walker2d-v5,SAC,TD3,Welch t-test,0.05,1.0,3,0.143,0.011070275515993266
Walker2d-v5,SAC,TD3,Mann-Whitney,0.05,1.0,3,0.0,0.0
Walker2d-v5,SAC,TD3,Ranked t-test,0.05,1.0,3,0.303,0.014532412050310162
Walker2d-v5,SAC,TD3,bootstrap,0.05,1.0,3,0.558,0.01570464899321217
Walker2d-v5,SAC,TD3,permutation,0.05,1.0,3,0.377,0.01532550162311172
Walker2d-v5,SAC,TD3,t-test,0.05,1.0,5,0.39,0.01542400726140908
Walker2d-v5,SAC,TD3,Welch t-test,0.05,1.0,5,0.361,0.01518812035770062
Walker2d-v5,SAC,TD3,Mann-Whitney,0.05,1.0,5,0.243,0.013562853682024296
Walker2d-v5,SAC,TD3,Ranked t-test,0.05,1.0,5,0.33,0.014869431730903503
Walker2d-v5,SAC,TD3,bootstrap,0.05,1.0,5,0.601,0.015485444778888335
Walker2d-v5,SAC,TD3,permutation,0.05,1.0,5,0.447,0.015722308990730335
Walker2d-v5,SAC,TD3,t-test,0.05,1.0,10,0.61,0.01542400726140908
Walker2d-v5,SAC,TD3,Welch t-test,0.05,1.0,10,0.564,0.015681326474504636
Walker2d-v5,SAC,TD3,Mann-Whitney,0.05,1.0,10,0.541,0.015758140753274162
Walker2d-v5,SAC,TD3,Ranked t-test,0.05,1.0,10,0.595,0.015523369479594306
Walker2d-v5,SAC,TD3,bootstrap,0.05,1.0,10,0.672,0.014846413708367418
Walker2d-v5,SAC,TD3,permutation,0.05,1.0,10,0.611,0.015416841440450765
Walker2d-v5,SAC,TD3,t-test,0.05,1.0,20,0.859,0.011005407761641547
Walker2d-v5,SAC,TD3,Welch t-test,0.05,1.0,20,0.862,0.01090669519148674
Walker2d-v5,SAC,TD3,Mann-Whitney,0.05,1.0,20,0.89,0.009894442884771228
Walker2d-v5,SAC,TD3,Ranked t-test,0.05,1.0,20,0.855,0.011134406135937382
Walker2d-v5,SAC,TD3,bootstrap,0.05,1.0,20,0.879,0.010313049985334114
Walker2d-v5,SAC,TD3,permutation,0.05,1.0,20,0.878,0.010349685985574635
Walker2d-v5,SAC,TD3,t-test,0.05,1.0,30,0.96,0.00619677335393187
Walker2d-v5,SAC,TD3,Welch t-test,0.05,1.0,30,0.967,0.005648982209212561
Walker2d-v5,SAC,TD3,Mann-Whitney,0.05,1.0,30,0.977,0.004740358636221528
Walker2d-v5,SAC,TD3,Ranked t-test,0.05,1.0,30,0.972,0.005216895628628201
Walker2d-v5,SAC,TD3,bootstrap,0.05,1.0,30,0.965,0.005811626278418119
Walker2d-v5,SAC,TD3,permutation,0.05,1.0,30,0.966,0.005730968504537434
Walker2d-v5,SAC,TD3,t-test,0.05,2.0,2,0.317,0.014714312760030624
Walker2d-v5,SAC,TD3,Welch t-test,0.05,2.0,2,0.149,0.01126050620531777
Walker2d-v5,SAC,TD3,Mann-Whitney,0.05,2.0,2,0.0,0.0
Walker2d-v5,SAC,TD3,Ranked t-test,0.05,2.0,2,0.0,0.0
Walker2d-v5,SAC,TD3,bootstrap,0.05,2.0,2,0.817,0.012227469075814505
Walker2d-v5,SAC,TD3,permutation,0.05,2.0,2,0.833,0.01179453263168999
Walker2d-v5,SAC,TD3,t-test,0.05,2.0,3,0.593,0.015535475531827148
Walker2d-v5,SAC,TD3,Welch t-test,0.05,2.0,3,0.498,0.01581126180922952
Walker2d-v5,SAC,TD3,Mann-Whitney,0.05,2.0,3,0.0,0.0
Walker2d-v5,SAC,TD3,Ranked t-test,0.05,2.0,3,0.642,0.01516034300403523
Walker2d-v5,SAC,TD3,bootstrap,0.05,2.0,3,0.819,0.012175343937647102
Walker2d-v5,SAC,TD3,permutation,0.05,2.0,3,0.76,0.013505554412907307
Walker2d-v5,SAC,TD3,t-test,0.05,2.0,5,0.781,0.013078187947877183
Walker2d-v5,SAC,TD3,Welch t-test,0.05,2.0,5,0.779,0.01312093746650749
Walker2d-v5,SAC,TD3,Mann-Whitney,0.05,2.0,5,0.606,0.015451990163082553
Walker2d-v5,SAC,TD3,Ranked t-test,0.05,2.0,5,0.664,0.014936666294725875
Walker2d-v5,SAC,TD3,bootstrap,0.05,2.0,5,0.864,0.010839926199010766
Walker2d-v5,SAC,TD3,permutation,0.05,2.0,5,0.792,0.012834952278836098
Walker2d-v5,SAC,TD3,t-test,0.05,2.0,10,0.982,0.004204283529925166
Walker2d-v5,SAC,TD3,Welch t-test,0.05,2.0,10,0.982,0.004204283529925166
Walker2d-v5,SAC,TD3,Mann-Whitney,0.05,2.0,10,0.942,0.007391616873188169
Walker2d-v5,SAC,TD3,Ranked t-test,0.05,2.0,10,0.956,0.006485676526007139
Walker2d-v5,SAC,TD3,bootstrap,0.05,2.0,10,0.989,0.0032983329122452166
Walker2d-v5,SAC,TD3,permutation,0.05,2.0,10,0.981,0.004317290817167639
Walker2d-v5,SAC,TD3,t-test,0.05,2.0,20,1.0,0.0
Walker2d-v5,SAC,TD3,Welch t-test,0.05,2.0,20,1.0,0.0
Walker2d-v5,SAC,TD3,Mann-Whitney,0.05,2.0,20,0.999,0.0009994998749374613
Walker2d-v5,SAC,TD3,Ranked t-test,0.05,2.0,20,1.0,0.0
Walker2d-v5,SAC,TD3,bootstrap,0.05,2.0,20,1.0,0.0
Walker2d-v5,SAC,TD3,permutation,0.05,2.0,20,1.0,0.0
Walker2d-v5,SAC,TD3,t-test,0.05,2.0,30,1.0,0.0
Walker2d-v5,SAC,TD3,Welch t-test,0.05,2.0,30,1.0,0.0
Walker2d-v5,SAC,TD3,Mann-Whitney,0.05,2.0,30,1.0,0.0
Walker2d-v5,SAC,TD3,Ranked t-test,0.05,2.0,30,1.0,0.0
Walker2d-v5,SAC,TD3,bootstrap,0.05,2.0,30,1.0,0.0
Walker2d-v5,SAC,TD3,permutation,0.05,2.0,30,1.0,0.0
Walker2d-v5,SAC,TD3,t-test,0.01,0.5,2,0.022,0.0046385342512479085
Walker2d-v5,SAC,TD3,Welch t-test,0.01,0.5,2,0.005,0.0022304708023195463
Walker2d-v5,SAC,TD3,Mann-Whitney,0.01,0.5,2,0.0,0.0
Walker2d-v5,SAC,TD3,Ranked t-test,0.01,0.5,2,0.0,0.0
Walker2d-v5,SAC,TD3,bootstrap,0.01,0.5,2,0.433,0.015668790636165893
Walker2d-v5,SAC,TD3,permutation,0.01,0.5,2,0.404,0.015517216245190372
Walker2d-v5,SAC,TD3,t-test,0.01,0.5,3,0.017,0.004087909000944126
Walker2d-v5,SAC,TD3,Welch t-test,0.01,0.5,3,0.009,0.002986469487538756
Walker2d-v5,SAC,TD3,Mann-Whitney,0.01,0.5,3,0.0,0.0
Walker2d-v5,SAC,TD3,Ranked t-test,0.01,0.5,3,0.0,0.0
Walker2d-v5,SAC,TD3,bootstrap,0.01,0.5,3,0.215,0.012991343271578963
Walker2d-v5,SAC,TD3,permutation,0.01,0.5,3,0.17,0.011878552100319299
Walker2d-v5,SAC,TD3,t-test,0.01,0.5,5,0.028,0.005216895628628198
Walker2d-v5,SAC,TD3,Welch t-test,0.01,0.5,5,0.022,0.0046385342512479085
Walker2d-v5,SAC,TD3,Mann-Whitney,0.01,0.5,5,0.015,0.003843826218756514
Walker2d-v5,SAC,TD3,Ranked t-test,0.01,0.5,5,0.045,0.0065555320150236475
Walker2d-v5,SAC,TD3,bootstrap,0.01,0.5,5,0.173,0.011961229033840962
Walker2d-v5,SAC,TD3,permutation,0.01,0.5,5,0.054,0.007147307185227175
Walker2d-v5,SAC,TD3,t-test,0.01,0.5,10,0.079,0.008529888627643388
Walker2d-v5,SAC,TD3,Welch t-test,0.01,0.5,10,0.074,0.00827792244467173
Walker2d-v5,SAC,TD3,Mann-Whitney,0.01,0.5,10,0.04,0.0061967733539318665
Walker2d-v5,SAC,TD3,Ranked t-test,0.01,0.5,10,0.075,0.008329165624478841
Walker2d-v5,SAC,TD3,bootstrap,0.01,0.5,10,0.208,0.0128349522788361
Walker2d-v5,SAC,TD3,permutation,0.01,0.5,10,0.091,0.009094998625618368
Walker2d-v5,SAC,TD3,t-test,0.01,0.5,20,0.155,0.011444430960078356
Walker2d-v5,SAC,TD3,Welch t-test,0.01,0.5,20,0.164,0.011709141727727102
Walker2d-v5,SAC,TD3,Mann-Whitney,0.01,0.5,20,0.172,0.011933817494833746
Walker2d-v5,SAC,TD3,Ranked t-test,0.01,0.5,20,0.208,0.0128349522788361
Walker2d-v5,SAC,TD3,bootstrap,0.01,0.5,20,0.264,0.013939296969359681
Walker2d-v5,SAC,TD3,permutation,0.01,0.5,20,0.184,0.012253326079069307
Walker2d-v5,SAC,TD3,t-test,0.01,0.5,30,0.274,0.014104041973845655
Walker2d-v5,SAC,TD3,Welch t-test,0.01,0.5,30,0.249,0.013674757767507255
Walker2d-v5,SAC,TD3,Mann-Whitney,0.01,0.5,30,0.306,0.0145727142289966
Walker2d-v5,SAC,TD3,Ranked t-test,0.01,0.5,30,0.312,0.014651143300097777
Walker2d-v5,SAC,TD3,bootstrap,0.01,0.5,30,0.332,0.014892145580808697
Walker2d-v5,SAC,TD3,permutation,0.01,0.5,30,0.25,0.013693063937629153
Walker2d-v5,SAC,TD3,t-test,0.01,1.0,2,0.026,0.0050322956987840055
Walker2d-v5,SAC,TD3,Welch t-test,0.01,1.0,2,0.008,0.0028170906978654416
Walker2d-v5,SAC,TD3,Mann-Whitney,0.01,1.0,2,0.0,0.0
Walker2d-v5,SAC,TD3,Ranked t-test,0.01,1.0,2,0.0,0.0
Walker2d-v5,SAC,TD3,bootstrap,0.01,1.0,2,0.631,0.015259062880793171
Walker2d-v5,SAC,TD3,permutation,0.01,1.0,2,0.575,0.015632498200863484
Walker2d-v5,SAC,TD3,t-test,0.01,1.0,3,0.043,0.006414904519944158
Walker2d-v5,SAC,TD3,Welch t-test,0.01,1.0,3,0.03,0.005394441583704471
Walker2d-v5,SAC,TD3,Mann-Whitney,0.01,1.0,3,0.0,0.0
Walker2d-v5,SAC,TD3,Ranked t-test,0.01,1.0,3,0.0,0.0
Walker2d-v5,SAC,TD3,bootstrap,0.01,1.0,3,0.441,0.015700923539715746
Walker2d-v5,SAC,TD3,permutation,0.01,1.0,3,0.385,0.015387494922826133
Walker2d-v5,SAC,TD3,t-test,0.01,1.0,5,0.132,0.010704017937204702
Walker2d-v5,SAC,TD3,Welch t-test,0.01,1.0,5,0.121,0.010313049985334114
Walker2d-v5,SAC,TD3,Mann-Whitney,0.01,1.0,5,0.062,0.007626008130076967
Walker2d-v5,SAC,TD3,Ranked t-test,0.01,1.0,5,0.147,0.011197812286335219
Walker2d-v5,SAC,TD3,bootstrap,0.01,1.0,5,0.456,0.015750047618975634
Walker2d-v5,SAC,TD3,permutation,0.01,1.0,5,0.234,0.013388203763014663
Walker2d-v5,SAC,TD3,t-test,0.01,1.0,10,0.355,0.015131919904625453
Walker2d-v5,SAC,TD3,Welch t-test,0.01,1.0,10,0.329,0.014857960829131298
Walker2d-v5,SAC,TD3,Mann-Whitney,0.01,1.0,10,0.255,0.013783141876945184
Walker2d-v5,SAC,TD3,Ranked t-test,0.01,1.0,10,0.348,0.015063067416698366
Walker2d-v5,SAC,TD3,bootstrap,0.01,1.0,10,0.504,0.01581088232832058
Walker2d-v5,SAC,TD3,permutation,0.01,1.0,10,0.413,0.0155701958882989
Walker2d-v5,SAC,TD3,t-test,0.01,1.0,20,0.696,0.014545927265045704
Walker2d-v5,SAC,TD3,Welch t-test,0.01,1.0,20,0.663,0.014947608504372864
Walker2d-v5,SAC,TD3,Mann-Whitney,0.01,1.0,20,0.69,0.014625320509308506
Walker2d-v5,SAC,TD3,Ranked t-test,0.01,1.0,20,0.724,0.014135911714495106
Walker2d-v5,SAC,TD3,bootstrap,0.01,1.0,20,0.765,0.013408019988051927
Walker2d-v5,SAC,TD3,permutation,0.01,1.0,20,0.694,0.014572714228996602
Walker2d-v5,SAC,TD3,t-test,0.01,1.0,30,0.888,0.00997276290703835
Walker2d-v5,SAC,TD3,Welch t-test,0.01,1.0,30,0.887,0.010011543337567888
Walker2d-v5,SAC,TD3,Mann-Whitney,0.01,1.0,30,0.897,0.009612023720320294
Walker2d-v5,SAC,TD3,Ranked t-test,0.01,1.0,30,0.908,0.009139803061335619
Walker2d-v5,SAC,TD3,bootstrap,0.01,1.0,30,0.891,0.009854897259738428
Walker2d-v5,SAC,TD3,permutation,0.01,1.0,30,0.893,0.009775019181566856
Walker2d-v5,SAC,TD3,t-test,0.01,2.0,2,0.069,0.008014923580421713
Walker2d-v5,SAC,TD3,Welch t-test,0.01,2.0,2,0.016,0.003967870965643918
Walker2d-v5,SAC,TD3,Mann-Whitney,0.01,2.0,2,0.0,0.0
Walker2d-v5,SAC,TD3,Ranked t-test,0.01,2.0,2,0.0,0.0
Walker2d-v5,SAC,TD3,bootstrap,0.01,2.0,2,0.836,0.011709141727727102
Walker2d-v5,SAC,TD3,permutation,0.01,2.0,2,0.854,0.011166198995181844
Walker2d-v5,SAC,TD3,t-test,0.01,2.0,3,0.254,0.013765318739498916
Walker2d-v5,SAC,TD3,Welch t-test,0.01,2.0,3,0.165,0.011737759581794134
Walker2d-v5,SAC,TD3,Mann-Whitney,0.01,2.0,3,0.0,0.0
Walker2d-v5,SAC,TD3,Ranked t-test,0.01,2.0,3,0.0,0.0
Walker2d-v5,SAC,TD3,bootstrap,0.01,2.0,3,0.774,0.013225883713385657
Walker2d-v5,SAC,TD3,permutation,0.01,2.0,3,0.755,0.013600551459407815
Walker2d-v5,SAC,TD3,t-test,0.01,2.0,5,0.6,0.015491933384829668
Walker2d-v5,SAC,TD3,Welch t-test,0.01,2.0,5,0.507,0.015809838708854686
Walker2d-v5,SAC,TD3,Mann-Whitney,0.01,2.0,5,0.288,0.014319776534569246
Walker2d-v5,SAC,TD3,Ranked t-test,0.01,2.0,5,0.52,0.0157987341265052
Walker2d-v5,SAC,TD3,bootstrap,0.01,2.0,5,0.784,0.013013224043256921
Walker2d-v5,SAC,TD3,permutation,0.01,2.0,5,0.631,0.015259062880793171
Walker2d-v5,SAC,TD3,t-test,0.01,2.0,10,0.899,0.009528850927577784
Walker2d-v5,SAC,TD3,Welch t-test,0.01,2.0,10,0.9,0.009486832980505136
Walker2d-v5,SAC,TD3,Mann-Whitney,0.01,2.0,10,0.773,0.013246546719805883
Walker2d-v5,SAC,TD3,Ranked t-test,0.01,2.0,10,0.841,0.011563693181678596
Walker2d-v5,SAC,TD3,bootstrap,0.01,2.0,10,0.951,0.006826346021115546
Walker2d-v5,SAC,TD3,permutation,0.01,2.0,10,0.881,0.010239091756596383
Walker2d-v5,SAC,TD3,t-test,0.01,2.0,20,0.998,0.0014127986409959495
Walker2d-v5,SAC,TD3,Welch t-test,0.01,2.0,20,0.998,0.0014127986409959495
Walker2d-v5,SAC,TD3,Mann-Whitney,0.01,2.0,20,0.992,0.0028170906978654425
Walker2d-v5,SAC,TD3,Ranked t-test,0.01,2.0,20,0.998,0.0014127986409959495
Walker2d-v5,SAC,TD3,bootstrap,0.01,2.0,20,1.0,0.0
Walker2d-v5,SAC,TD3,permutation,0.01,2.0,20,1.0,0.0
Walker2d-v5,SAC,TD3,t-test,0.01,2.0,30,1.0,0.0
Walker2d-v5,SAC,TD3,Welch t-test,0.01,2.0,30,1.0,0.0
Walker2d-v5,SAC,TD3,Mann-Whitney,0.01,2.0,30,1.0,0.0
Walker2d-v5,SAC,TD3,Ranked t-test,0.01,2.0,30,1.0,0.0
Walker2d-v5,SAC,TD3,bootstrap,0.01,2.0,30,1.0,0.0
Walker2d-v5,SAC,TD3,permutation,0.01,2.0,30,1.0,0.0
HalfCheetah-v5,SAC,TD3,t-test,0.05,0.5,2,0.121,0.010313049985334114
HalfCheetah-v5,SAC,TD3,Welch t-test,0.05,0.5,2,0.07,0.008068457101577725
HalfCheetah-v5,SAC,TD3,Mann-Whitney,0.05,0.5,2,0.0,0.0
HalfCheetah-v5,SAC,TD3,Ranked t-test,0.05,0.5,2,0.001,0.0009994998749374609
HalfCheetah-v5,SAC,TD3,bootstrap,0.05,0.5,2,0.415,0.015581238718407466
HalfCheetah-v5,SAC,TD3,permutation,0.05,0.5,2,0.44,0.015697133496278867
HalfCheetah-v5,SAC,TD3,t-test,0.05,0.5,3,0.075,0.008329165624478841
HalfCheetah-v5,SAC,TD3,Welch t-test,0.05,0.5,3,0.046,0.006624499981130651
HalfCheetah-v5,SAC,TD3,Mann-Whitney,0.05,0.5,3,0.0,0.0
HalfCheetah-v5,SAC,TD3,Ranked t-test,0.05,0.5,3,0.201,0.012672766075328622
HalfCheetah-v5,SAC,TD3,bootstrap,0.05,0.5,3,0.277,0.014151713677148785
HalfCheetah-v5,SAC,TD3,permutation,0.05,0.5,3,0.203,0.012719709116170857
HalfCheetah-v5,SAC,TD3,t-test,0.05,0.5,5,0.085,0.008819013550278738
HalfCheetah-v5,SAC,TD3,Welch t-test,0.05,0.5,5,0.073,0.008226238508577295
HalfCheetah-v5,SAC,TD3,Mann-Whitney,0.05,0.5,5,0.098,0.009401914698613257
HalfCheetah-v5,SAC,TD3,Ranked t-test,0.05,0.5,5,0.168,0.011822690049223147
HalfCheetah-v5,SAC,TD3,bootstrap,0.05,0.5,5,0.203,0.012719709116170857
HalfCheetah-v5,SAC,TD3,permutation,0.05,0.5,5,0.119,0.010239091756596383
HalfCheetah-v5,SAC,TD3,t-test,0.05,0.5,10,0.15,0.011291589790636216
HalfCheetah-v5,SAC,TD3,Welch t-test,0.05,0.5,10,0.157,0.01150439046625244
HalfCheetah-v5,SAC,TD3,Mann-Whitney,0.05,0.5,10,0.256,0.013800869537822608
HalfCheetah-v5,SAC,TD3,Ranked t-test,0.05,0.5,10,0.263,0.013922320208930694
HalfCheetah-v5,SAC,TD3,bootstrap,0.05,0.5,10,0.232,0.013348258313353095
HalfCheetah-v5,SAC,TD3,permutation,0.05,0.5,10,0.15,0.011291589790636216
HalfCheetah-v5,SAC,TD3,t-test,0.05,0.5,20,0.302,0.014518815378673288
HalfCheetah-v5,SAC,TD3,Welch t-test,0.05,0.5,20,0.327,0.014834790190629594
HalfCheetah-v5,SAC,TD3,Mann-Whitney,0.05,0.5,20,0.478,0.015796075461962062
HalfCheetah-v5,SAC,TD3,Ranked t-test,0.05,0.5,20,0.47,0.015782902141241326
HalfCheetah-v5,SAC,TD3,bootstrap,0.05,0.5,20,0.39,0.01542400726140908
HalfCheetah-v5,SAC,TD3,permutation,0.05,0.5,20,0.313,0.014663935351739656
HalfCheetah-v5,SAC,TD3,t-test,0.05,0.5,30,0.496,0.01581088232832058
HalfCheetah-v5,SAC,TD3,Welch t-test,0.05,0.5,30,0.465,0.01577260282895629
HalfCheetah-v5,SAC,TD3,Mann-Whitney,0.05,0.5,30,0.643,0.015150940564862632
HalfCheetah-v5,SAC,TD3,Ranked t-test,0.05,0.5,30,0.657,0.015011695440555674
HalfCheetah-v5,SAC,TD3,bootstrap,0.05,0.5,30,0.513,0.015806043148112688
HalfCheetah-v5,SAC,TD3,permutation,0.05,0.5,30,0.478,0.015796075461962062
HalfCheetah-v5,SAC,TD3,t-test,0.05,1.0,2,0.151,0.01132249972400088
HalfCheetah-v5,SAC,TD3,Welch t-test,0.05,1.0,2,0.085,0.008819013550278738
HalfCheetah-v5,SAC,TD3,Mann-Whitney,0.05,1.0,2,0.0,0.0
HalfCheetah-v5,SAC,TD3,Ranked t-test,0.05,1.0,2,0.0,0.0
HalfCheetah-v5,SAC,TD3,bootstrap,0.05,1.0,2,0.518,0.01580113919943749
HalfCheetah-v5,SAC,TD3,permutation,0.05,1.0,2,0.505,0.01581059771166163
HalfCheetah-v5,SAC,TD3,t-test,0.05,1.0,3,0.153,0.011383804285035824
HalfCheetah-v5,SAC,TD3,Welch t-test,0.05,1.0,3,0.141,0.011005407761641547
HalfCheetah-v5,SAC,TD3,Mann-Whitney,0.05,1.0,3,0.0,0.0
HalfCheetah-v5,SAC,TD3,Ranked t-test,0.05,1.0,3,0.287,0.01430492922037715
HalfCheetah-v5,SAC,TD3,bootstrap,0.05,1.0,3,0.437,0.01568537535413163
HalfCheetah-v5,SAC,TD3,permutation,0.05,1.0,3,0.3,0.014491376746189439
HalfCheetah-v5,SAC,TD3,t-test,0.05,1.0,5,0.252,0.013729384545565033
HalfCheetah-v5,SAC,TD3,Welch t-test,0.05,1.0,5,0.205,0.0127661662216971
HalfCheetah-v5,SAC,TD3,Mann-Whitney,0.05,1.0,5,0.149,0.01126050620531777
HalfCheetah-v5,SAC,TD3,Ranked t-test,0.05,1.0,5,0.232,0.013348258313353095
HalfCheetah-v5,SAC,TD3,bootstrap,0.05,1.0,5,0.424,0.01562766777225572
HalfCheetah-v5,SAC,TD3,permutation,0.05,1.0,5,0.261,0.013888088421377507
HalfCheetah-v5,SAC,TD3,t-test,0.05,1.0,10,0.522,0.015796075461962062
HalfCheetah-v5,SAC,TD3,Welch t-test,0.05,1.0,10,0.568,0.01566448211719749
HalfCheetah-v5,SAC,TD3,Mann-Whitney,0.05,1.0,10,0.418,0.015597307459943206
HalfCheetah-v5,SAC,TD3,Ranked t-test,0.05,1.0,10,0.464,0.015770351930125086
HalfCheetah-v5,SAC,TD3,bootstrap,0.05,1.0,10,0.691,0.014612289348353324
HalfCheetah-v5,SAC,TD3,permutation,0.05,1.0,10,0.577,0.015622771841129857
HalfCheetah-v5,SAC,TD3,t-test,0.05,1.0,20,0.905,0.009272270487857868
HalfCheetah-v5,SAC,TD3,Welch t-test,0.05,1.0,20,0.897,0.009612023720320294
HalfCheetah-v5,SAC,TD3,Mann-Whitney,0.05,1.0,20,0.728,0.014071815803228808
HalfCheetah-v5,SAC,TD3,Ranked t-test,0.05,1.0,20,0.705,0.01442133835675455
HalfCheetah-v5,SAC,TD3,bootstrap,0.05,1.0,20,0.921,0.008529888627643386
HalfCheetah-v5,SAC,TD3,permutation,0.05,1.0,20,0.886,0.010050074626588601
HalfCheetah-v5,SAC,TD3,t-test,0.05,1.0,30,0.979,0.00453420334788814
HalfCheetah-v5,SAC,TD3,Welch t-test,0.05,1.0,30,0.98,0.0044271887242357325
HalfCheetah-v5,SAC,TD3,Mann-Whitney,0.05,1.0,30,0.864,0.010839926199010766
HalfCheetah-v5,SAC,TD3,Ranked t-test,0.05,1.0,30,0.87,0.010634848376916336
HalfCheetah-v5,SAC,TD3,bootstrap,0.05,1.0,30,0.98,0.0044271887242357325
HalfCheetah-v5,SAC,TD3,permutation,0.05,1.0,30,0.979,0.00453420334788814
HalfCheetah-v5,SAC,TD3,t-test,0.05,2.0,2,0.262,0.013905250806799567
HalfCheetah-v5,SAC,TD3,Welch t-test,0.05,2.0,2,0.152,0.011353237423748346
HalfCheetah-v5,SAC,TD3,Mann-Whitney,0.05,2.0,2,0.0,0.0
HalfCheetah-v5,SAC,TD3,Ranked t-test,0.05,2.0,2,0.001,0.0009994998749374609
HalfCheetah-v5,SAC,TD3,bootstrap,0.05,2.0,2,0.771,0.013287550564344055
HalfCheetah-v5,SAC,TD3,permutation,0.05,2.0,2,0.777,0.013163244280951409
HalfCheetah-v5,SAC,TD3,t-test,0.05,2.0,3,0.376,0.015317441039547044
HalfCheetah-v5,SAC,TD3,Welch t-test,0.05,2.0,3,0.243,0.013562853682024296
HalfCheetah-v5,SAC,TD3,Mann-Whitney,0.05,2.0,3,0.0,0.0
HalfCheetah-v5,SAC,TD3,Ranked t-test,0.05,2.0,3,0.366,0.01523299051401267
HalfCheetah-v5,SAC,TD3,bootstrap,0.05,2.0,3,0.838,0.011651437679531227
HalfCheetah-v5,SAC,TD3,permutation,0.05,2.0,3,0.583,0.015592017188292218
HalfCheetah-v5,SAC,TD3,t-test,0.05,2.0,5,0.839,0.011622349160131098
HalfCheetah-v5,SAC,TD3,Welch t-test,0.05,2.0,5,0.809,0.012430567163247216
HalfCheetah-v5,SAC,TD3,Mann-Whitney,0.05,2.0,5,0.241,0.013524755080961725
HalfCheetah-v5,SAC,TD3,Ranked t-test,0.05,2.0,5,0.351,0.015093011627902497
HalfCheetah-v5,SAC,TD3,bootstrap,0.05,2.0,5,0.972,0.005216895628628201
HalfCheetah-v5,SAC,TD3,permutation,0.05,2.0,5,0.811,0.012380589646701
HalfCheetah-v5,SAC,TD3,t-test,0.05,2.0,10,0.999,0.0009994998749374613
HalfCheetah-v5,SAC,TD3,Welch t-test,0.05,2.0,10,0.998,0.0014127986409959495
HalfCheetah-v5,SAC,TD3,Mann-Whitney,0.05,2.0,10,0.631,0.015259062880793171
HalfCheetah-v5,SAC,TD3,Ranked t-test,0.05,2.0,10,0.698,0.01451881537867329
HalfCheetah-v5,SAC,TD3,bootstrap,0.05,2.0,10,1.0,0.0
HalfCheetah-v5,SAC,TD3,permutation,0.05,2.0,10,0.997,0.0017294507798720387
HalfCheetah-v5,SAC,TD3,t-test,0.05,2.0,20,1.0,0.0
HalfCheetah-v5,SAC,TD3,Welch t-test,0.05,2.0,20,1.0,0.0
HalfCheetah-v5,SAC,TD3,Mann-Whitney,0.05,2.0,20,0.912,0.008958571314668425
HalfCheetah-v5,SAC,TD3,Ranked t-test,0.05,2.0,20,0.933,0.007906389820898028
HalfCheetah-v5,SAC,TD3,bootstrap,0.05,2.0,20,1.0,0.0
HalfCheetah-v5,SAC,TD3,permutation,0.05,2.0,20,1.0,0.0
HalfCheetah-v5,SAC,TD3,t-test,0.05,2.0,30,1.0,0.0
HalfCheetah-v5,SAC,TD3,Welch t-test,0.05,2.0,30,1.0,0.0
HalfCheetah-v5,SAC,TD3,Mann-Whitney,0.05,2.0,30,0.984,0.00396787096564392
HalfCheetah-v5,SAC,TD3,Ranked t-test,0.05,2.0,30,0.983,0.004087909000944127
HalfCheetah-v5,SAC,TD3,bootstrap,0.05,2.0,30,1.0,0.0
HalfCheetah-v5,SAC,TD3,permutation,0.05,2.0,30,1.0,0.0
HalfCheetah-v5,SAC,TD3,t-test,0.01,0.5,2,0.052,0.007021111023192838
HalfCheetah-v5,SAC,TD3,Welch t-test,0.01,0.5,2,0.02,0.004427188724235731
HalfCheetah-v5,SAC,TD3,Mann-Whitney,0.01,0.5,2,0.0,0.0
HalfCheetah-v5,SAC,TD3,Ranked t-test,0.01,0.5,2,0.0,0.0
HalfCheetah-v5,SAC,TD3,bootstrap,0.01,0.5,2,0.454,0.015744332313566048
HalfCheetah-v5,SAC,TD3,permutation,0.01,0.5,2,0.423,0.015622771841129857
HalfCheetah-v5,SAC,TD3,t-test,0.01,0.5,3,0.03,0.005394441583704471
HalfCheetah-v5,SAC,TD3,Welch t-test,0.01,0.5,3,0.023,0.004740358636221525
HalfCheetah-v5,SAC,TD3,Mann-Whitney,0.01,0.5,3,0.0,0.0
HalfCheetah-v5,SAC,TD3,Ranked t-test,0.01,0.5,3,0.001,0.0009994998749374609
HalfCheetah-v5,SAC,TD3,bootstrap,0.01,0.5,3,0.209,0.012857643641040918
HalfCheetah-v5,SAC,TD3,permutation,0.01,0.5,3,0.174,0.011988494484296182
HalfCheetah-v5,SAC,TD3,t-test,0.01,0.5,5,0.025,0.0049371044145328745
HalfCheetah-v5,SAC,TD3,Welch t-test,0.01,0.5,5,0.014,0.003715373467095872
HalfCheetah-v5,SAC,TD3,Mann-Whitney,0.01,0.5,5,0.019,0.004317290817167636
HalfCheetah-v5,SAC,TD3,Ranked t-test,0.01,0.5,5,0.057,0.007331507348424334
HalfCheetah-v5,SAC,TD3,bootstrap,0.01,0.5,5,0.141,0.011005407761641547
HalfCheetah-v5,SAC,TD3,permutation,0.01,0.5,5,0.059,0.007451107300260815
HalfCheetah-v5,SAC,TD3,t-test,0.01,0.5,10,0.037,0.005969170796685248
HalfCheetah-v5,SAC,TD3,Welch t-test,0.01,0.5,10,0.046,0.006624499981130651
HalfCheetah-v5,SAC,TD3,Mann-Whitney,0.01,0.5,10,0.069,0.008014923580421713
HalfCheetah-v5,SAC,TD3,Ranked t-test,0.01,0.5,10,0.12,0.010276186062932104
HalfCheetah-v5,SAC,TD3,bootstrap,0.01,0.5,10,0.114,0.010050074626588601
HalfCheetah-v5,SAC,TD3,permutation,0.01,0.5,10,0.031,0.0054807846153630225
HalfCheetah-v5,SAC,TD3,t-test,0.01,0.5,20,0.108,0.009815090422405696
HalfCheetah-v5,SAC,TD3,Welch t-test,0.01,0.5,20,0.103,0.009612023720320296
HalfCheetah-v5,SAC,TD3,Mann-Whitney,0.01,0.5,20,0.25,0.013693063937629153
HalfCheetah-v5,SAC,TD3,Ranked t-test,0.01,0.5,20,0.255,0.013783141876945184
HalfCheetah-v5,SAC,TD3,bootstrap,0.01,0.5,20,0.175,0.012015614840697915
HalfCheetah-v5,SAC,TD3,permutation,0.01,0.5,20,0.12,0.010276186062932104
HalfCheetah-v5,SAC,TD3,t-test,0.01,0.5,30,0.243,0.013562853682024296
HalfCheetah-v5,SAC,TD3,Welch t-test,0.01,0.5,30,0.217,0.013034991369387246
HalfCheetah-v5,SAC,TD3,Mann-Whitney,0.01,0.5,30,0.421,0.015612783224012302
HalfCheetah-v5,SAC,TD3,Ranked t-test,0.01,0.5,30,0.425,0.01563249820086348
HalfCheetah-v5,SAC,TD3,bootstrap,0.01,0.5,30,0.302,0.014518815378673288
HalfCheetah-v5,SAC,TD3,permutation,0.01,0.5,30,0.216,0.013013224043256921
HalfCheetah-v5,SAC,TD3,t-test,0.01,1.0,2,0.074,0.00827792244467173
HalfCheetah-v5,SAC,TD3,Welch t-test,0.01,1.0,2,0.024,0.004839834707921336
HalfCheetah-v5,SAC,TD3,Mann-Whitney,0.01,1.0,2,0.0,0.0
HalfCheetah-v5,SAC,TD3,Ranked t-test,0.01,1.0,2,0.0,0.0
HalfCheetah-v5,SAC,TD3,bootstrap,0.01,1.0,2,0.527,0.01578831846651188
HalfCheetah-v5,SAC,TD3,permutation,0.01,1.0,2,0.487,0.015806043148112688
HalfCheetah-v5,SAC,TD3,t-test,0.01,1.0,3,0.052,0.007021111023192838
HalfCheetah-v5,SAC,TD3,Welch t-test,0.01,1.0,3,0.029,0.005306505441436953
HalfCheetah-v5,SAC,TD3,Mann-Whitney,0.01,1.0,3,0.0,0.0
HalfCheetah-v5,SAC,TD3,Ranked t-test,0.01,1.0,3,0.002,0.0014127986409959489
HalfCheetah-v5,SAC,TD3,bootstrap,0.01,1.0,3,0.333,0.014903388876359632
HalfCheetah-v5,SAC,TD3,permutation,0.01,1.0,3,0.309,0.014612289348353324
HalfCheetah-v5,SAC,TD3,t-test,0.01,1.0,5,0.089,0.00900438781928011
HalfCheetah-v5,SAC,TD3,Welch t-test,0.01,1.0,5,0.059,0.007451107300260815
HalfCheetah-v5,SAC,TD3,Mann-Whitney,0.01,1.0,5,0.06,0.007509993342207435
HalfCheetah-v5,SAC,TD3,Ranked t-test,0.01,1.0,5,0.115,0.010088359628799918
HalfCheetah-v5,SAC,TD3,bootstrap,0.01,1.0,5,0.293,0.014392741226048637
HalfCheetah-v5,SAC,TD3,permutation,0.01,1.0,5,0.124,0.010422283818818216
HalfCheetah-v5,SAC,TD3,t-test,0.01,1.0,10,0.245,0.013600551459407815
HalfCheetah-v5,SAC,TD3,Welch t-test,0.01,1.0,10,0.248,0.01365635383255721
HalfCheetah-v5,SAC,TD3,Mann-Whitney,0.01,1.0,10,0.187,0.012330085157856777
HalfCheetah-v5,SAC,TD3,Ranked t-test,0.01,1.0,10,0.21,0.01288021738946979
HalfCheetah-v5,SAC,TD3,bootstrap,0.01,1.0,10,0.48,0.0157987341265052
HalfCheetah-v5,SAC,TD3,permutation,0.01,1.0,10,0.241,0.013524755080961725
HalfCheetah-v5,SAC,TD3,t-test,0.01,1.0,20,0.701,0.014477534320456644
HalfCheetah-v5,SAC,TD3,Welch t-test,0.01,1.0,20,0.691,0.014612289348353324
HalfCheetah-v5,SAC,TD3,Mann-Whitney,0.01,1.0,20,0.467,0.015776913513105152
HalfCheetah-v5,SAC,TD3,Ranked t-test,0.01,1.0,20,0.488,0.01580683396509244
HalfCheetah-v5,SAC,TD3,bootstrap,0.01,1.0,20,0.8,0.012649110640673518
HalfCheetah-v5,SAC,TD3,permutation,0.01,1.0,20,0.678,0.014775520295407536
HalfCheetah-v5,SAC,TD3,t-test,0.01,1.0,30,0.894,0.009734680272099335
HalfCheetah-v5,SAC,TD3,Welch t-test,0.01,1.0,30,0.912,0.008958571314668425
HalfCheetah-v5,SAC,TD3,Mann-Whitney,0.01,1.0,30,0.709,0.014363808687113596
HalfCheetah-v5,SAC,TD3,Ranked t-test,0.01,1.0,30,0.705,0.01442133835675455
HalfCheetah-v5,SAC,TD3,bootstrap,0.01,1.0,30,0.94,0.007509993342207438
HalfCheetah-v5,SAC,TD3,permutation,0.01,1.0,30,0.908,0.009139803061335619
HalfCheetah-v5,SAC,TD3,t-test,0.01,2.0,2,0.09,0.009049861877399014
HalfCheetah-v5,SAC,TD3,Welch t-test,0.01,2.0,2,0.039,0.006122009474020765
HalfCheetah-v5,SAC,TD3,Mann-Whitney,0.01,2.0,2,0.0,0.0
HalfCheetah-v5,SAC,TD3,Ranked t-test,0.01,2.0,2,0.0,0.0
HalfCheetah-v5,SAC,TD3,bootstrap,0.01,2.0,2,0.753,0.013637851736985557
HalfCheetah-v5,SAC,TD3,permutation,0.01,2.0,2,0.759,0.013524755080961725
HalfCheetah-v5,SAC,TD3,t-test,0.01,2.0,3,0.166,0.011766222843376714
HalfCheetah-v5,SAC,TD3,Welch t-test,0.01,2.0,3,0.111,0.00993373041711924
HalfCheetah-v5,SAC,TD3,Mann-Whitney,0.01,2.0,3,0.0,0.0
HalfCheetah-v5,SAC,TD3,Ranked t-test,0.01,2.0,3,0.0,0.0
HalfCheetah-v5,SAC,TD3,bootstrap,0.01,2.0,3,0.702,0.01446360950800318
HalfCheetah-v5,SAC,TD3,permutation,0.01,2.0,3,0.521,0.015797436500901024
HalfCheetah-v5,SAC,TD3,t-test,0.01,2.0,5,0.437,0.01568537535413163
HalfCheetah-v5,SAC,TD3,Welch t-test,0.01,2.0,5,0.354,0.015122301412152848
HalfCheetah-v5,SAC,TD3,Mann-Whitney,0.01,2.0,5,0.1,0.009486832980505138
HalfCheetah-v5,SAC,TD3,Ranked t-test,0.01,2.0,5,0.175,0.012015614840697915
HalfCheetah-v5,SAC,TD3,bootstrap,0.01,2.0,5,0.903,0.009359006357514668
HalfCheetah-v5,SAC,TD3,permutation,0.01,2.0,5,0.433,0.015668790636165893
HalfCheetah-v5,SAC,TD3,t-test,0.01,2.0,10,0.973,0.005125524363418832
HalfCheetah-v5,SAC,TD3,Welch t-test,0.01,2.0,10,0.969,0.005480784615363026
HalfCheetah-v5,SAC,TD3,Mann-Whitney,0.01,2.0,10,0.35,0.015083103128998356
HalfCheetah-v5,SAC,TD3,Ranked t-test,0.01,2.0,10,0.447,0.015722308990730335
HalfCheetah-v5,SAC,TD3,bootstrap,0.01,2.0,10,0.997,0.0017294507798720387
HalfCheetah-v5,SAC,TD3,permutation,0.01,2.0,10,0.969,0.005480784615363026
HalfCheetah-v5,SAC,TD3,t-test,0.01,2.0,20,1.0,0.0
HalfCheetah-v5,SAC,TD3,Welch t-test,0.01,2.0,20,1.0,0.0
HalfCheetah-v5,SAC,TD3,Mann-Whitney,0.01,2.0,20,0.794,0.0127892142057282
HalfCheetah-v5,SAC,TD3,Ranked t-test,0.01,2.0,20,0.805,0.012528966437819202
HalfCheetah-v5,SAC,TD3,bootstrap,0.01,2.0,20,1.0,0.0
HalfCheetah-v5,SAC,TD3,permutation,0.01,2.0,20,1.0,0.0
HalfCheetah-v5,SAC,TD3,t-test,0.01,2.0,30,1.0,0.0
HalfCheetah-v5,SAC,TD3,Welch t-test,0.01,2.0,30,1.0,0.0
HalfCheetah-v5,SAC,TD3,Mann-Whitney,0.01,2.0,30,0.944,0.007270763371201131
HalfCheetah-v5,SAC,TD3,Ranked t-test,0.01,2.0,30,0.937,0.007683163410991592
HalfCheetah-v5,SAC,TD3,bootstrap,0.01,2.0,30,1.0,0.0
HalfCheetah-v5,SAC,TD3,permutation,0.01,2.0,30,1.0,0.0
Ant-v5,SAC,TD3,t-test,0.05,0.5,2,0.067,0.007906389820898032
Ant-v5,SAC,TD3,Welch t-test,0.05,0.5,2,0.025,0.0049371044145328745
Ant-v5,SAC,TD3,Mann-Whitney,0.05,0.5,2,0.0,0.0
Ant-v5,SAC,TD3,Ranked t-test,0.05,0.5,2,0.0,0.0
Ant-v5,SAC,TD3,bootstrap,0.05,0.5,2,0.364,0.015215255502291114
Ant-v5,SAC,TD3,permutation,0.05,0.5,2,0.328,0.014846413708367418
Ant-v5,SAC,TD3,t-test,0.05,0.5,3,0.055,0.00720936890441875
Ant-v5,SAC,TD3,Welch t-test,0.05,0.5,3,0.049,0.006826346021115542
Ant-v5,SAC,TD3,Mann-Whitney,0.05,0.5,3,0.0,0.0
Ant-v5,SAC,TD3,Ranked t-test,0.05,0.5,3,0.218,0.0130566458173606
Ant-v5,SAC,TD3,bootstrap,0.05,0.5,3,0.241,0.013524755080961725
Ant-v5,SAC,TD3,permutation,0.05,0.5,3,0.127,0.010529529904036551
Ant-v5,SAC,TD3,t-test,0.05,0.5,5,0.055,0.00720936890441875
Ant-v5,SAC,TD3,Welch t-test,0.05,0.5,5,0.046,0.006624499981130651
Ant-v5,SAC,TD3,Mann-Whitney,0.05,0.5,5,0.166,0.011766222843376714
Ant-v5,SAC,TD3,Ranked t-test,0.05,0.5,5,0.243,0.013562853682024296
Ant-v5,SAC,TD3,bootstrap,0.05,0.5,5,0.164,0.011709141727727102
Ant-v5,SAC,TD3,permutation,0.05,0.5,5,0.075,0.008329165624478841
Ant-v5,SAC,TD3,t-test,0.05,0.5,10,0.123,0.010386096475577337
Ant-v5,SAC,TD3,Welch t-test,0.05,0.5,10,0.127,0.010529529904036551
Ant-v5,SAC,TD3,Mann-Whitney,0.05,0.5,10,0.462,0.01576565888252058
Ant-v5,SAC,TD3,Ranked t-test,0.05,0.5,10,0.503,0.01581110369329099
Ant-v5,SAC,TD3,bootstrap,0.05,0.5,10,0.225,0.013205112646244258
Ant-v5,SAC,TD3,permutation,0.05,0.5,10,0.108,0.009815090422405696
Ant-v5,SAC,TD3,t-test,0.05,0.5,20,0.311,0.014638271755914358
Ant-v5,SAC,TD3,Welch t-test,0.05,0.5,20,0.263,0.013922320208930694
Ant-v5,SAC,TD3,Mann-Whitney,0.05,0.5,20,0.778,0.013142145943490354
Ant-v5,SAC,TD3,Ranked t-test,0.05,0.5,20,0.772,0.013267102170406315
Ant-v5,SAC,TD3,bootstrap,0.05,0.5,20,0.395,0.015458816254810716
Ant-v5,SAC,TD3,permutation,0.05,0.5,20,0.285,0.014274978108564651
Ant-v5,SAC,TD3,t-test,0.05,0.5,30,0.455,0.015747221977225064
Ant-v5,SAC,TD3,Welch t-test,0.05,0.5,30,0.447,0.015722308990730335
Ant-v5,SAC,TD3,Mann-Whitney,0.05,0.5,30,0.919,0.008627803892068941
Ant-v5,SAC,TD3,Ranked t-test,0.05,0.5,30,0.9,0.009486832980505136
Ant-v5,SAC,TD3,bootstrap,0.05,0.5,30,0.543,0.015752809273269323
Ant-v5,SAC,TD3,permutation,0.05,0.5,30,0.46,0.015760710643876435
Ant-v5,SAC,TD3,t-test,0.05,1.0,2,0.061,0.0075682891065286355
Ant-v5,SAC,TD3,Welch t-test,0.05,1.0,2,0.024,0.004839834707921336
Ant-v5,SAC,TD3,Mann-Whitney,0.05,1.0,2,0.0,0.0
Ant-v5,SAC,TD3,Ranked t-test,0.05,1.0,2,0.001,0.0009994998749374609
Ant-v5,SAC,TD3,bootstrap,0.05,1.0,2,0.442,0.01570464899321217
Ant-v5,SAC,TD3,permutation,0.05,1.0,2,0.475,0.015791611697353755
Ant-v5,SAC,TD3,t-test,0.05,1.0,3,0.073,0.008226238508577295
Ant-v5,SAC,TD3,Welch t-test,0.05,1.0,3,0.043,0.006414904519944158
Ant-v5,SAC,TD3,Mann-Whitney,0.05,1.0,3,0.0,0.0
Ant-v5,SAC,TD3,Ranked t-test,0.05,1.0,3,0.458,0.015755506973753653
Ant-v5,SAC,TD3,bootstrap,0.05,1.0,3,0.421,0.015612783224012302
Ant-v5,SAC,TD3,permutation,0.05,1.0,3,0.194,0.012504559168559283
Ant-v5,SAC,TD3,t-test,0.05,1.0,5,0.136,0.010839926199010766
Ant-v5,SAC,TD3,Welch t-test,0.05,1.0,5,0.158,0.011534123287012324
Ant-v5,SAC,TD3,Mann-Whitney,0.05,1.0,5,0.461,0.015763216676808068
Ant-v5,SAC,TD3,Ranked t-test,0.05,1.0,5,0.611,0.015416841440450765
Ant-v5,SAC,TD3,bootstrap,0.05,1.0,5,0.454,0.015744332313566048
Ant-v5,SAC,TD3,permutation,0.05,1.0,5,0.212,0.012925014506761685
Ant-v5,SAC,TD3,t-test,0.05,1.0,10,0.596,0.015517216245190372
Ant-v5,SAC,TD3,Welch t-test,0.05,1.0,10,0.563,0.01568537535413163
Ant-v5,SAC,TD3,Mann-Whitney,0.05,1.0,10,0.9,0.009486832980505136
Ant-v5,SAC,TD3,Ranked t-test,0.05,1.0,10,0.918,0.008676174272108645
Ant-v5,SAC,TD3,bootstrap,0.05,1.0,10,0.753,0.013637851736985557
Ant-v5,SAC,TD3,permutation,0.05,1.0,10,0.582,0.015597307459943206
Ant-v5,SAC,TD3,t-test,0.05,1.0,20,0.932,0.00796090447122687
Ant-v5,SAC,TD3,Welch t-test,0.05,1.0,20,0.933,0.007906389820898028
Ant-v5,SAC,TD3,Mann-Whitney,0.05,1.0,20,0.997,0.0017294507798720387
Ant-v5,SAC,TD3,Ranked t-test,0.05,1.0,20,0.998,0.0014127986409959495
Ant-v5,SAC,TD3,bootstrap,0.05,1.0,20,0.972,0.005216895628628201
Ant-v5,SAC,TD3,permutation,0.05,1.0,20,0.943,0.007331507348424336
Ant-v5,SAC,TD3,t-test,0.05,1.0,30,0.995,0.002230470802319547
Ant-v5,SAC,TD3,Welch t-test,0.05,1.0,30,0.991,0.0029864694875387575
Ant-v5,SAC,TD3,Mann-Whitney,0.05,1.0,30,1.0,0.0
Ant-v5,SAC,TD3,Ranked t-test,0.05,1.0,30,1.0,0.0
Ant-v5,SAC,TD3,bootstrap,0.05,1.0,30,0.996,0.0019959959919799443
Ant-v5,SAC,TD3,permutation,0.05,1.0,30,0.996,0.0019959959919799443
Ant-v5,SAC,TD3,t-test,0.05,2.0,2,0.172,0.011933817494833746
Ant-v5,SAC,TD3,Welch t-test,0.05,2.0,2,0.097,0.00935900635751467
Ant-v5,SAC,TD3,Mann-Whitney,0.05,2.0,2,0.0,0.0
Ant-v5,SAC,TD3,Ranked t-test,0.05,2.0,2,0.001,0.0009994998749374609
Ant-v5,SAC,TD3,bootstrap,0.05,2.0,2,0.933,0.007906389820898028
Ant-v5,SAC,TD3,permutation,0.05,2.0,2,0.954,0.006624499981130654
Ant-v5,SAC,TD3,t-test,0.05,2.0,3,0.455,0.015747221977225064
Ant-v5,SAC,TD3,Welch t-test,0.05,2.0,3,0.33,0.014869431730903503
Ant-v5,SAC,TD3,Mann-Whitney,0.05,2.0,3,0.0,0.0
Ant-v5,SAC,TD3,Ranked t-test,0.05,2.0,3,0.942,0.007391616873188169
Ant-v5,SAC,TD3,bootstrap,0.05,2.0,3,0.98,0.0044271887242357325
Ant-v5,SAC,TD3,permutation,0.05,2.0,3,0.875,0.010458250331675944
Ant-v5,SAC,TD3,t-test,0.05,2.0,5,0.931,0.008014923580421711
Ant-v5,SAC,TD3,Welch t-test,0.05,2.0,5,0.887,0.010011543337567888
Ant-v5,SAC,TD3,Mann-Whitney,0.05,2.0,5,0.985,0.0038438262187565153
Ant-v5,SAC,TD3,Ranked t-test,0.05,2.0,5,0.996,0.0019959959919799443
Ant-v5,SAC,TD3,bootstrap,0.05,2.0,5,0.999,0.0009994998749374613
Ant-v5,SAC,TD3,permutation,0.05,2.0,5,0.987,0.0035820385257559714
Ant-v5,SAC,TD3,t-test,0.05,2.0,10,1.0,0.0
Ant-v5,SAC,TD3,Welch t-test,0.05,2.0,10,1.0,0.0
Ant-v5,SAC,TD3,Mann-Whitney,0.05,2.0,10,1.0,0.0
Ant-v5,SAC,TD3,Ranked t-test,0.05,2.0,10,1.0,0.0
Ant-v5,SAC,TD3,bootstrap,0.05,2.0,10,1.0,0.0
Ant-v5,SAC,TD3,permutation,0.05,2.0,10,1.0,0.0
Ant-v5,SAC,TD3,t-test,0.05,2.0,20,1.0,0.0
Ant-v5,SAC,TD3,Welch t-test,0.05,2.0,20,1.0,0.0
Ant-v5,SAC,TD3,Mann-Whitney,0.05,2.0,20,1.0,0.0
Ant-v5,SAC,TD3,Ranked t-test,0.05,2.0,20,1.0,0.0
Ant-v5,SAC,TD3,bootstrap,0.05,2.0,20,1.0,0.0
Ant-v5,SAC,TD3,permutation,0.05,2.0,20,1.0,0.0
Ant-v5,SAC,TD3,t-test,0.05,2.0,30,1.0,0.0
Ant-v5,SAC,TD3,Welch t-test,0.05,2.0,30,1.0,0.0
Ant-v5,SAC,TD3,Mann-Whitney,0.05,2.0,30,1.0,0.0
Ant-v5,SAC,TD3,Ranked t-test,0.05,2.0,30,1.0,0.0
Ant-v5,SAC,TD3,bootstrap,0.05,2.0,30,1.0,0.0
Ant-v5,SAC,TD3,permutation,0.05,2.0,30,1.0,0.0
Ant-v5,SAC,TD3,t-test,0.01,0.5,2,0.02,0.004427188724235731
Ant-v5,SAC,TD3,Welch t-test,0.01,0.5,2,0.009,0.002986469487538756
Ant-v5,SAC,TD3,Mann-Whitney,0.01,0.5,2,0.0,0.0
Ant-v5,SAC,TD3,Ranked t-test,0.01,0.5,2,0.0,0.0
Ant-v5,SAC,TD3,bootstrap,0.01,0.5,2,0.351,0.015093011627902497
Ant-v5,SAC,TD3,permutation,0.01,0.5,2,0.358,0.01516034300403523
Ant-v5,SAC,TD3,t-test,0.01,0.5,3,0.016,0.003967870965643918
Ant-v5,SAC,TD3,Welch t-test,0.01,0.5,3,0.009,0.002986469487538756
Ant-v5,SAC,TD3,Mann-Whitney,0.01,0.5,3,0.0,0.0
Ant-v5,SAC,TD3,Ranked t-test,0.01,0.5,3,0.0,0.0
Ant-v5,SAC,TD3,bootstrap,0.01,0.5,3,0.15,0.011291589790636216
Ant-v5,SAC,TD3,permutation,0.01,0.5,3,0.096,0.009315793041926168
Ant-v5,SAC,TD3,t-test,0.01,0.5,5,0.012,0.003443254274665175
Ant-v5,SAC,TD3,Welch t-test,0.01,0.5,5,0.014,0.003715373467095872
Ant-v5,SAC,TD3,Mann-Whitney,0.01,0.5,5,0.029,0.005306505441436953
Ant-v5,SAC,TD3,Ranked t-test,0.01,0.5,5,0.095,0.00927227048785787
Ant-v5,SAC,TD3,bootstrap,0.01,0.5,5,0.078,0.008480330182251162
Ant-v5,SAC,TD3,permutation,0.01,0.5,5,0.015,0.003843826218756514
Ant-v5,SAC,TD3,t-test,0.01,0.5,10,0.025,0.0049371044145328745
Ant-v5,SAC,TD3,Welch t-test,0.01,0.5,10,0.013,0.003582038525755969
Ant-v5,SAC,TD3,Mann-Whitney,0.01,0.5,10,0.181,0.0121753439376471
Ant-v5,SAC,TD3,Ranked t-test,0.01,0.5,10,0.23,0.013307892395116516
Ant-v5,SAC,TD3,bootstrap,0.01,0.5,10,0.108,0.009815090422405696
Ant-v5,SAC,TD3,permutation,0.01,0.5,10,0.025,0.0049371044145328745
Ant-v5,SAC,TD3,t-test,0.01,0.5,20,0.1,0.009486832980505138
Ant-v5,SAC,TD3,Welch t-test,0.01,0.5,20,0.078,0.008480330182251162
Ant-v5,SAC,TD3,Mann-Whitney,0.01,0.5,20,0.497,0.01581110369329099
Ant-v5,SAC,TD3,Ranked t-test,0.01,0.5,20,0.596,0.015517216245190372
Ant-v5,SAC,TD3,bootstrap,0.01,0.5,20,0.193,0.012480024038438387
Ant-v5,SAC,TD3,permutation,0.01,0.5,20,0.101,0.009528850927577786
Ant-v5,SAC,TD3,t-test,0.01,0.5,30,0.171,0.011906258858264422
Ant-v5,SAC,TD3,Welch t-test,0.01,0.5,30,0.198,0.012601428490452978
Ant-v5,SAC,TD3,Mann-Whitney,0.01,0.5,30,0.753,0.013637851736985557
Ant-v5,SAC,TD3,Ranked t-test,0.01,0.5,30,0.795,0.012766166221697099
Ant-v5,SAC,TD3,bootstrap,0.01,0.5,30,0.29,0.01434921600645833
Ant-v5,SAC,TD3,permutation,0.01,0.5,30,0.211,0.012902674141432851
Ant-v5,SAC,TD3,t-test,0.01,1.0,2,0.017,0.004087909000944126
Ant-v5,SAC,TD3,Welch t-test,0.01,1.0,2,0.004,0.001995995991979944
Ant-v5,SAC,TD3,Mann-Whitney,0.01,1.0,2,0.0,0.0
Ant-v5,SAC,TD3,Ranked t-test,0.01,1.0,2,0.0,0.0
Ant-v5,SAC,TD3,bootstrap,0.01,1.0,2,0.453,0.015741378592740853
Ant-v5,SAC,TD3,permutation,0.01,1.0,2,0.455,0.015747221977225064
Ant-v5,SAC,TD3,t-test,0.01,1.0,3,0.012,0.003443254274665175
Ant-v5,SAC,TD3,Welch t-test,0.01,1.0,3,0.004,0.001995995991979944
Ant-v5,SAC,TD3,Mann-Whitney,0.01,1.0,3,0.0,0.0
Ant-v5,SAC,TD3,Ranked t-test,0.01,1.0,3,0.0,0.0
Ant-v5,SAC,TD3,bootstrap,0.01,1.0,3,0.249,0.013674757767507255
Ant-v5,SAC,TD3,permutation,0.01,1.0,3,0.204,0.01274299807737567
Ant-v5,SAC,TD3,t-test,0.01,1.0,5,0.021,0.004534203347888138
Ant-v5,SAC,TD3,Welch t-test,0.01,1.0,5,0.017,0.004087909000944126
Ant-v5,SAC,TD3,Mann-Whitney,0.01,1.0,5,0.122,0.010349685985574635
Ant-v5,SAC,TD3,Ranked t-test,0.01,1.0,5,0.346,0.015042739112276061
Ant-v5,SAC,TD3,bootstrap,0.01,1.0,5,0.299,0.014477534320456644
Ant-v5,SAC,TD3,permutation,0.01,1.0,5,0.058,0.007391616873188166
Ant-v5,SAC,TD3,t-test,0.01,1.0,10,0.209,0.012857643641040918
Ant-v5,SAC,TD3,Welch t-test,0.01,1.0,10,0.183,0.012227469075814503
Ant-v5,SAC,TD3,Mann-Whitney,0.01,1.0,10,0.684,0.014701836619960105
Ant-v5,SAC,TD3,Ranked t-test,0.01,1.0,10,0.76,0.013505554412907307
Ant-v5,SAC,TD3,bootstrap,0.01,1.0,10,0.552,0.015725647840391186
Ant-v5,SAC,TD3,permutation,0.01,1.0,10,0.237,0.013447341744746431
Ant-v5,SAC,TD3,t-test,0.01,1.0,20,0.726,0.014104041973845655
Ant-v5,SAC,TD3,Welch t-test,0.01,1.0,20,0.711,0.0143345387090063
Ant-v5,SAC,TD3,Mann-Whitney,0.01,1.0,20,0.983,0.004087909000944127
Ant-v5,SAC,TD3,Ranked t-test,0.01,1.0,20,0.989,0.0032983329122452166
Ant-v5,SAC,TD3,bootstrap,0.01,1.0,20,0.891,0.009854897259738428
Ant-v5,SAC,TD3,permutation,0.01,1.0,20,0.727,0.014087973594523805
Ant-v5,SAC,TD3,t-test,0.01,1.0,30,0.935,0.0077958322198467015
Ant-v5,SAC,TD3,Welch t-test,0.01,1.0,30,0.957,0.006414904519944161
Ant-v5,SAC,TD3,Mann-Whitney,0.01,1.0,30,1.0,0.0
Ant-v5,SAC,TD3,Ranked t-test,0.01,1.0,30,0.997,0.0017294507798720387
Ant-v5,SAC,TD3,bootstrap,0.01,1.0,30,0.983,0.004087909000944127
Ant-v5,SAC,TD3,permutation,0.01,1.0,30,0.939,0.007568289106528638
Ant-v5,SAC,TD3,t-test,0.01,2.0,2,0.054,0.007147307185227175
Ant-v5,SAC,TD3,Welch t-test,0.01,2.0,2,0.011,0.003298332912245215
Ant-v5,SAC,TD3,Mann-Whitney,0.01,2.0,2,0.0,0.0
Ant-v5,SAC,TD3,Ranked t-test,0.01,2.0,2,0.0,0.0
Ant-v5,SAC,TD3,bootstrap,0.01,2.0,2,0.947,0.007084560677981384
Ant-v5,SAC,TD3,permutation,0.01,2.0,2,0.933,0.007906389820898028
Ant-v5,SAC,TD3,t-test,0.01,2.0,3,0.114,0.010050074626588601
Ant-v5,SAC,TD3,Welch t-test,0.01,2.0,3,0.055,0.00720936890441875
Ant-v5,SAC,TD3,Mann-Whitney,0.01,2.0,3,0.0,0.0
Ant-v5,SAC,TD3,Ranked t-test,0.01,2.0,3,0.001,0.0009994998749374609
Ant-v5,SAC,TD3,bootstrap,0.01,2.0,3,0.938,0.00762600813007697
Ant-v5,SAC,TD3,permutation,0.01,2.0,3,0.847,0.011383804285035824
Ant-v5,SAC,TD3,t-test,0.01,2.0,5,0.494,0.015810249839898167
Ant-v5,SAC,TD3,Welch t-test,0.01,2.0,5,0.373,0.015292841462592882
Ant-v5,SAC,TD3,Mann-Whitney,0.01,2.0,5,0.583,0.015592017188292218
Ant-v5,SAC,TD3,Ranked t-test,0.01,2.0,5,0.948,0.007021111023192843
Ant-v5,SAC,TD3,bootstrap,0.01,2.0,5,0.994,0.002442130217658347
Ant-v5,SAC,TD3,permutation,0.01,2.0,5,0.846,0.011414201680362933
Ant-v5,SAC,TD3,t-test,0.01,2.0,10,0.996,0.0019959959919799443
Ant-v5,SAC,TD3,Welch t-test,0.01,2.0,10,0.991,0.0029864694875387575
Ant-v5,SAC,TD3,Mann-Whitney,0.01,2.0,10,1.0,0.0
Ant-v5,SAC,TD3,Ranked t-test,0.01,2.0,10,1.0,0.0
Ant-v5,SAC,TD3,bootstrap,0.01,2.0,10,1.0,0.0
Ant-v5,SAC,TD3,permutation,0.01,2.0,10,1.0,0.0
Ant-v5,SAC,TD3,t-test,0.01,2.0,20,1.0,0.0
Ant-v5,SAC,TD3,Welch t-test,0.01,2.0,20,1.0,0.0
Ant-v5,SAC,TD3,Mann-Whitney,0.01,2.0,20,1.0,0.0
Ant-v5,SAC,TD3,Ranked t-test,0.01,2.0,20,1.0,0.0
Ant-v5,SAC,TD3,bootstrap,0.01,2.0,20,1.0,0.0
Ant-v5,SAC,TD3,permutation,0.01,2.0,20,1.0,0.0
Ant-v5,SAC,TD3,t-test,0.01,2.0,30,1.0,0.0
Ant-v5,SAC,TD3,Welch t-test,0.01,2.0,30,1.0,0.0
Ant-v5,SAC,TD3,Mann-Whitney,0.01,2.0,30,1.0,0.0
Ant-v5,SAC,TD3,Ranked t-test,0.01,2.0,30,1.0,0.0
Ant-v5,SAC,TD3,bootstrap,0.01,2.0,30,1.0,0.0
Ant-v5,SAC,TD3,permutation,0.01,2.0,30,1.0,0.0
Humanoid-v5,SAC,TD3,t-test,0.05,0.5,2,0.135,0.010806248192596726
Humanoid-v5,SAC,TD3,Welch t-test,0.05,0.5,2,0.057,0.007331507348424334
Humanoid-v5,SAC,TD3,Mann-Whitney,0.05,0.5,2,0.0,0.0
Humanoid-v5,SAC,TD3,Ranked t-test,0.05,0.5,2,0.002,0.0014127986409959489
Humanoid-v5,SAC,TD3,bootstrap,0.05,0.5,2,0.46,0.015760710643876435
Humanoid-v5,SAC,TD3,permutation,0.05,0.5,2,0.468,0.015778973350633434
Humanoid-v5,SAC,TD3,t-test,0.05,0.5,3,0.117,0.010164201887015036
Humanoid-v5,SAC,TD3,Welch t-test,0.05,0.5,3,0.072,0.008174105455644672
Humanoid-v5,SAC,TD3,Mann-Whitney,0.05,0.5,3,0.0,0.0
Humanoid-v5,SAC,TD3,Ranked t-test,0.05,0.5,3,0.341,0.01499063040702425
Humanoid-v5,SAC,TD3,bootstrap,0.05,0.5,3,0.311,0.014638271755914358
Humanoid-v5,SAC,TD3,permutation,0.05,0.5,3,0.204,0.01274299807737567
Humanoid-v5,SAC,TD3,t-test,0.05,0.5,5,0.133,0.010738295954200556
Humanoid-v5,SAC,TD3,Welch t-test,0.05,0.5,5,0.088,0.008958571314668427
Humanoid-v5,SAC,TD3,Mann-Whitney,0.05,0.5,5,0.137,0.010873407929439602
Humanoid-v5,SAC,TD3,Ranked t-test,0.05,0.5,5,0.165,0.011737759581794134
Humanoid-v5,SAC,TD3,bootstrap,0.05,0.5,5,0.228,0.013267102170406317
Humanoid-v5,SAC,TD3,permutation,0.05,0.5,5,0.156,0.011474493452871897
Humanoid-v5,SAC,TD3,t-test,0.05,0.5,10,0.202,0.012696298673235441
Humanoid-v5,SAC,TD3,Welch t-test,0.05,0.5,10,0.148,0.011229247525992114
Humanoid-v5,SAC,TD3,Mann-Whitney,0.05,0.5,10,0.311,0.014638271755914358
Humanoid-v5,SAC,TD3,Ranked t-test,0.05,0.5,10,0.325,0.014811313243598625
Humanoid-v5,SAC,TD3,bootstrap,0.05,0.5,10,0.218,0.0130566458173606
Humanoid-v5,SAC,TD3,permutation,0.05,0.5,10,0.182,0.012201475320632338
Humanoid-v5,SAC,TD3,t-test,0.05,0.5,20,0.303,0.014532412050310162
Humanoid-v5,SAC,TD3,Welch t-test,0.05,0.5,20,0.324,0.014799459449588015
Humanoid-v5,SAC,TD3,Mann-Whitney,0.05,0.5,20,0.55,0.015732132722552274
Humanoid-v5,SAC,TD3,Ranked t-test,0.05,0.5,20,0.515,0.01580427157448264
Humanoid-v5,SAC,TD3,bootstrap,0.05,0.5,20,0.344,0.015022117027902558
Humanoid-v5,SAC,TD3,permutation,0.05,0.5,20,0.335,0.014925649064613574
Humanoid-v5,SAC,TD3,t-test,0.05,0.5,30,0.471,0.01578477114183161
Humanoid-v5,SAC,TD3,Welch t-test,0.05,0.5,30,0.429,0.015651166090742248
Humanoid-v5,SAC,TD3,Mann-Whitney,0.05,0.5,30,0.717,0.014244683218660919
Humanoid-v5,SAC,TD3,Ranked t-test,0.05,0.5,30,0.714,0.014289996501049257
Humanoid-v5,SAC,TD3,bootstrap,0.05,0.5,30,0.484,0.015803290796539814
Humanoid-v5,SAC,TD3,permutation,0.05,0.5,30,0.46,0.015760710643876435
Humanoid-v5,SAC,TD3,t-test,0.05,1.0,2,0.18,0.012149074038789953
Humanoid-v5,SAC,TD3,Welch t-test,0.05,1.0,2,0.083,0.008724161850859944
Humanoid-v5,SAC,TD3,Mann-Whitney,0.05,1.0,2,0.0,0.0
Humanoid-v5,SAC,TD3,Ranked t-test,0.05,1.0,2,0.001,0.0009994998749374609
Humanoid-v5,SAC,TD3,bootstrap,0.05,1.0,2,0.59,0.01555313473226539
Humanoid-v5,SAC,TD3,permutation,0.05,1.0,2,0.57,0.015655669899432602
Humanoid-v5,SAC,TD3,t-test,0.05,1.0,3,0.208,0.0128349522788361
Humanoid-v5,SAC,TD3,Welch t-test,0.05,1.0,3,0.117,0.010164201887015036
Humanoid-v5,SAC,TD3,Mann-Whitney,0.05,1.0,3,0.0,0.0
Humanoid-v5,SAC,TD3,Ranked t-test,0.05,1.0,3,0.468,0.015778973350633434
Humanoid-v5,SAC,TD3,bootstrap,0.05,1.0,3,0.487,0.015806043148112688
Humanoid-v5,SAC,TD3,permutation,0.05,1.0,3,0.367,0.015241751867813621
Humanoid-v5,SAC,TD3,t-test,0.05,1.0,5,0.312,0.014651143300097777
Humanoid-v5,SAC,TD3,Welch t-test,0.05,1.0,5,0.238,0.01346684818359515
Humanoid-v5,SAC,TD3,Mann-Whitney,0.05,1.0,5,0.281,0.014214042352547005
Humanoid-v5,SAC,TD3,Ranked t-test,0.05,1.0,5,0.321,0.0147634345597493
Humanoid-v5,SAC,TD3,bootstrap,0.05,1.0,5,0.461,0.015763216676808068
Humanoid-v5,SAC,TD3,permutation,0.05,1.0,5,0.398,0.015478888849009803
Humanoid-v5,SAC,TD3,t-test,0.05,1.0,10,0.524,0.01579316307773715
Humanoid-v5,SAC,TD3,Welch t-test,0.05,1.0,10,0.493,0.015809838708854686
Humanoid-v5,SAC,TD3,Mann-Whitney,0.05,1.0,10,0.601,0.015485444778888335
Humanoid-v5,SAC,TD3,Ranked t-test,0.05,1.0,10,0.636,0.015215255502291114
Humanoid-v5,SAC,TD3,bootstrap,0.05,1.0,10,0.646,0.015122301412152848
Humanoid-v5,SAC,TD3,permutation,0.05,1.0,10,0.521,0.015797436500901024
Humanoid-v5,SAC,TD3,t-test,0.05,1.0,20,0.86,0.010972693379476163
Humanoid-v5,SAC,TD3,Welch t-test,0.05,1.0,20,0.845,0.011444430960078356
Humanoid-v5,SAC,TD3,Mann-Whitney,0.05,1.0,20,0.89,0.009894442884771228
Humanoid-v5,SAC,TD3,Ranked t-test,0.05,1.0,20,0.894,0.009734680272099335
Humanoid-v5,SAC,TD3,bootstrap,0.05,1.0,20,0.894,0.009734680272099335
Humanoid-v5,SAC,TD3,permutation,0.05,1.0,20,0.859,0.011005407761641547
Humanoid-v5,SAC,TD3,t-test,0.05,1.0,30,0.963,0.005969170796685251
Humanoid-v5,SAC,TD3,Welch t-test,0.05,1.0,30,0.966,0.005730968504537434
Humanoid-v5,SAC,TD3,Mann-Whitney,0.05,1.0,30,0.975,0.004937104414532877
Humanoid-v5,SAC,TD3,Ranked t-test,0.05,1.0,30,0.974,0.005032295698784007
Humanoid-v5,SAC,TD3,bootstrap,0.05,1.0,30,0.967,0.005648982209212561
Humanoid-v5,SAC,TD3,permutation,0.05,1.0,30,0.97,0.0053944415837044735
Humanoid-v5,SAC,TD3,t-test,0.05,2.0,2,0.32,0.014751271131668619
Humanoid-v5,SAC,TD3,Welch t-test,0.05,2.0,2,0.139,0.010939789760319894
Humanoid-v5,SAC,TD3,Mann-Whitney,0.05,2.0,2,0.0,0.0
Humanoid-v5,SAC,TD3,Ranked t-test,0.05,2.0,2,0.001,0.0009994998749374609
Humanoid-v5,SAC,TD3,bootstrap,0.05,2.0,2,0.837,0.011680368144883107
Humanoid-v5,SAC,TD3,permutation,0.05,2.0,2,0.829,0.011906258858264422
Humanoid-v5,SAC,TD3,t-test,0.05,2.0,3,0.532,0.01577897335063343
Humanoid-v5,SAC,TD3,Welch t-test,0.05,2.0,3,0.302,0.014518815378673288
Humanoid-v5,SAC,TD3,Mann-Whitney,0.05,2.0,3,0.0,0.0
Humanoid-v5,SAC,TD3,Ranked t-test,0.05,2.0,3,0.773,0.013246546719805883
Humanoid-v5,SAC,TD3,bootstrap,0.05,2.0,3,0.758,0.013543854695026818
Humanoid-v5,SAC,TD3,permutation,0.05,2.0,3,0.726,0.014104041973845655
Humanoid-v5,SAC,TD3,t-test,0.05,2.0,5,0.759,0.013524755080961725
Humanoid-v5,SAC,TD3,Welch t-test,0.05,2.0,5,0.618,0.01536476488593301
Humanoid-v5,SAC,TD3,Mann-Whitney,0.05,2.0,5,0.652,0.015063067416698366
Humanoid-v5,SAC,TD3,Ranked t-test,0.05,2.0,5,0.685,0.014689281806814109
Humanoid-v5,SAC,TD3,bootstrap,0.05,2.0,5,0.909,0.009094998625618366
Humanoid-v5,SAC,TD3,permutation,0.05,2.0,5,0.802,0.012601428490452976
Humanoid-v5,SAC,TD3,t-test,0.05,2.0,10,0.989,0.0032983329122452166
Humanoid-v5,SAC,TD3,Welch t-test,0.05,2.0,10,0.982,0.004204283529925166
Humanoid-v5,SAC,TD3,Mann-Whitney,0.05,2.0,10,0.959,0.006270486424512857
Humanoid-v5,SAC,TD3,Ranked t-test,0.05,2.0,10,0.959,0.006270486424512857
Humanoid-v5,SAC,TD3,bootstrap,0.05,2.0,10,0.997,0.0017294507798720387
Humanoid-v5,SAC,TD3,permutation,0.05,2.0,10,0.988,0.003443254274665176
Humanoid-v5,SAC,TD3,t-test,0.05,2.0,20,1.0,0.0
Humanoid-v5,SAC,TD3,Welch t-test,0.05,2.0,20,1.0,0.0
Humanoid-v5,SAC,TD3,Mann-Whitney,0.05,2.0,20,1.0,0.0
Humanoid-v5,SAC,TD3,Ranked t-test,0.05,2.0,20,0.998,0.0014127986409959495
Humanoid-v5,SAC,TD3,bootstrap,0.05,2.0,20,1.0,0.0
Humanoid-v5,SAC,TD3,permutation,0.05,2.0,20,1.0,0.0
Humanoid-v5,SAC,TD3,t-test,0.05,2.0,30,1.0,0.0
Humanoid-v5,SAC,TD3,Welch t-test,0.05,2.0,30,1.0,0.0
Humanoid-v5,SAC,TD3,Mann-Whitney,0.05,2.0,30,1.0,0.0
Humanoid-v5,SAC,TD3,Ranked t-test,0.05,2.0,30,1.0,0.0
Humanoid-v5,SAC,TD3,bootstrap,0.05,2.0,30,1.0,0.0
Humanoid-v5,SAC,TD3,permutation,0.05,2.0,30,1.0,0.0
Humanoid-v5,SAC,TD3,t-test,0.01,0.5,2,0.049,0.006826346021115542
Humanoid-v5,SAC,TD3,Welch t-test,0.01,0.5,2,0.015,0.003843826218756514
Humanoid-v5,SAC,TD3,Mann-Whitney,0.01,0.5,2,0.0,0.0
Humanoid-v5,SAC,TD3,Ranked t-test,0.01,0.5,2,0.001,0.0009994998749374609
Humanoid-v5,SAC,TD3,bootstrap,0.01,0.5,2,0.473,0.01578831846651188
Humanoid-v5,SAC,TD3,permutation,0.01,0.5,2,0.425,0.01563249820086348
Humanoid-v5,SAC,TD3,t-test,0.01,0.5,3,0.046,0.006624499981130651
Humanoid-v5,SAC,TD3,Welch t-test,0.01,0.5,3,0.022,0.0046385342512479085
Humanoid-v5,SAC,TD3,Mann-Whitney,0.01,0.5,3,0.0,0.0
Humanoid-v5,SAC,TD3,Ranked t-test,0.01,0.5,3,0.002,0.0014127986409959489
Humanoid-v5,SAC,TD3,bootstrap,0.01,0.5,3,0.244,0.013581752464244074
Humanoid-v5,SAC,TD3,permutation,0.01,0.5,3,0.219,0.013078187947877183
Humanoid-v5,SAC,TD3,t-test,0.01,0.5,5,0.038,0.006046155803483731
Humanoid-v5,SAC,TD3,Welch t-test,0.01,0.5,5,0.012,0.003443254274665175
Humanoid-v5,SAC,TD3,Mann-Whitney,0.01,0.5,5,0.08,0.008579044235810887
Humanoid-v5,SAC,TD3,Ranked t-test,0.01,0.5,5,0.136,0.010839926199010766
Humanoid-v5,SAC,TD3,bootstrap,0.01,0.5,5,0.164,0.011709141727727102
Humanoid-v5,SAC,TD3,permutation,0.01,0.5,5,0.053,0.00708456067798138
Humanoid-v5,SAC,TD3,t-test,0.01,0.5,10,0.062,0.007626008130076967
Humanoid-v5,SAC,TD3,Welch t-test,0.01,0.5,10,0.04,0.0061967733539318665
Humanoid-v5,SAC,TD3,Mann-Whitney,0.01,0.5,10,0.131,0.010669536072388528
Humanoid-v5,SAC,TD3,Ranked t-test,0.01,0.5,10,0.128,0.010564847372300274
Humanoid-v5,SAC,TD3,bootstrap,0.01,0.5,10,0.149,0.01126050620531777
Humanoid-v5,SAC,TD3,permutation,0.01,0.5,10,0.085,0.008819013550278738
Humanoid-v5,SAC,TD3,t-test,0.01,0.5,20,0.119,0.010239091756596383
Humanoid-v5,SAC,TD3,Welch t-test,0.01,0.5,20,0.125,0.010458250331675944
Humanoid-v5,SAC,TD3,Mann-Whitney,0.01,0.5,20,0.328,0.014846413708367418
Humanoid-v5,SAC,TD3,Ranked t-test,0.01,0.5,20,0.356,0.015141466243399283
Humanoid-v5,SAC,TD3,bootstrap,0.01,0.5,20,0.207,0.012812142677944232
Humanoid-v5,SAC,TD3,permutation,0.01,0.5,20,0.134,0.010772372069326236
Humanoid-v5,SAC,TD3,t-test,0.01,0.5,30,0.214,0.012969348480166612
Humanoid-v5,SAC,TD3,Welch t-test,0.01,0.5,30,0.21,0.01288021738946979
Humanoid-v5,SAC,TD3,Mann-Whitney,0.01,0.5,30,0.498,0.01581126180922952
Humanoid-v5,SAC,TD3,Ranked t-test,0.01,0.5,30,0.5,0.015811388300841896
Humanoid-v5,SAC,TD3,bootstrap,0.01,0.5,30,0.266,0.013972973913952606
Humanoid-v5,SAC,TD3,permutation,0.01,0.5,30,0.242,0.013543854695026818
Humanoid-v5,SAC,TD3,t-test,0.01,1.0,2,0.077,0.00843036179532053
Humanoid-v5,SAC,TD3,Welch t-test,0.01,1.0,2,0.022,0.0046385342512479085
Humanoid-v5,SAC,TD3,Mann-Whitney,0.01,1.0,2,0.0,0.0
Humanoid-v5,SAC,TD3,Ranked t-test,0.01,1.0,2,0.001,0.0009994998749374609
Humanoid-v5,SAC,TD3,bootstrap,0.01,1.0,2,0.599,0.015498354751392161
Humanoid-v5,SAC,TD3,permutation,0.01,1.0,2,0.588,0.01556457516284977
Humanoid-v5,SAC,TD3,t-test,0.01,1.0,3,0.079,0.008529888627643388
Humanoid-v5,SAC,TD3,Welch t-test,0.01,1.0,3,0.033,0.005648982209212559
Humanoid-v5,SAC,TD3,Mann-Whitney,0.01,1.0,3,0.0,0.0
Humanoid-v5,SAC,TD3,Ranked t-test,0.01,1.0,3,0.002,0.0014127986409959489
Humanoid-v5,SAC,TD3,bootstrap,0.01,1.0,3,0.42,0.015607690412101338
Humanoid-v5,SAC,TD3,permutation,0.01,1.0,3,0.364,0.015215255502291114
Humanoid-v5,SAC,TD3,t-test,0.01,1.0,5,0.111,0.00993373041711924
Humanoid-v5,SAC,TD3,Welch t-test,0.01,1.0,5,0.071,0.008121514637061242
Humanoid-v5,SAC,TD3,Mann-Whitney,0.01,1.0,5,0.14,0.010972693379476163
Humanoid-v5,SAC,TD3,Ranked t-test,0.01,1.0,5,0.262,0.013905250806799567
Humanoid-v5,SAC,TD3,bootstrap,0.01,1.0,5,0.37,0.015267612779999367
Humanoid-v5,SAC,TD3,permutation,0.01,1.0,5,0.208,0.0128349522788361
Humanoid-v5,SAC,TD3,t-test,0.01,1.0,10,0.292,0.014378317008607092
Humanoid-v5,SAC,TD3,Welch t-test,0.01,1.0,10,0.199,0.012625331678811452
Humanoid-v5,SAC,TD3,Mann-Whitney,0.01,1.0,10,0.346,0.015042739112276061
Humanoid-v5,SAC,TD3,Ranked t-test,0.01,1.0,10,0.386,0.015394934231752989
Humanoid-v5,SAC,TD3,bootstrap,0.01,1.0,10,0.456,0.015750047618975634
Humanoid-v5,SAC,TD3,permutation,0.01,1.0,10,0.303,0.014532412050310162
Humanoid-v5,SAC,TD3,t-test,0.01,1.0,20,0.602,0.015478888849009803
Humanoid-v5,SAC,TD3,Welch t-test,0.01,1.0,20,0.599,0.015498354751392161
Humanoid-v5,SAC,TD3,Mann-Whitney,0.01,1.0,20,0.75,0.013693063937629153
Humanoid-v5,SAC,TD3,Ranked t-test,0.01,1.0,20,0.743,0.013818502089589886
Humanoid-v5,SAC,TD3,bootstrap,0.01,1.0,20,0.763,0.013447341744746431
Humanoid-v5,SAC,TD3,permutation,0.01,1.0,20,0.683,0.014714312760030622
Humanoid-v5,SAC,TD3,t-test,0.01,1.0,30,0.861,0.010939789760319894
Humanoid-v5,SAC,TD3,Welch t-test,0.01,1.0,30,0.826,0.011988494484296184
Humanoid-v5,SAC,TD3,Mann-Whitney,0.01,1.0,30,0.912,0.008958571314668425
Humanoid-v5,SAC,TD3,Ranked t-test,0.01,1.0,30,0.901,0.009444522221901962
Humanoid-v5,SAC,TD3,bootstrap,0.01,1.0,30,0.915,0.008819013550278736
Humanoid-v5,SAC,TD3,permutation,0.01,1.0,30,0.869,0.010669536072388528
Humanoid-v5,SAC,TD3,t-test,0.01,2.0,2,0.149,0.01126050620531777
Humanoid-v5,SAC,TD3,Welch t-test,0.01,2.0,2,0.047,0.006692607862410586
Humanoid-v5,SAC,TD3,Mann-Whitney,0.01,2.0,2,0.0,0.0
Humanoid-v5,SAC,TD3,Ranked t-test,0.01,2.0,2,0.0,0.0
Humanoid-v5,SAC,TD3,bootstrap,0.01,2.0,2,0.815,0.012279047194306243
Humanoid-v5,SAC,TD3,permutation,0.01,2.0,2,0.831,0.011850696182081458
Humanoid-v5,SAC,TD3,t-test,0.01,2.0,3,0.254,0.013765318739498916
Humanoid-v5,SAC,TD3,Welch t-test,0.01,2.0,3,0.102,0.009570579919733181
Humanoid-v5,SAC,TD3,Mann-Whitney,0.01,2.0,3,0.0,0.0
Humanoid-v5,SAC,TD3,Ranked t-test,0.01,2.0,3,0.0,0.0
Humanoid-v5,SAC,TD3,bootstrap,0.01,2.0,3,0.722,0.01416742743055351
Humanoid-v5,SAC,TD3,permutation,0.01,2.0,3,0.619,0.015357050498061143
Humanoid-v5,SAC,TD3,t-test,0.01,2.0,5,0.467,0.015776913513105152
Humanoid-v5,SAC,TD3,Welch t-test,0.01,2.0,5,0.262,0.013905250806799567
Humanoid-v5,SAC,TD3,Mann-Whitney,0.01,2.0,5,0.395,0.015458816254810716
Humanoid-v5,SAC,TD3,Ranked t-test,0.01,2.0,5,0.624,0.015317441039547044
Humanoid-v5,SAC,TD3,bootstrap,0.01,2.0,5,0.801,0.012625331678811452
Humanoid-v5,SAC,TD3,permutation,0.01,2.0,5,0.634,0.01523299051401267
Humanoid-v5,SAC,TD3,t-test,0.01,2.0,10,0.934,0.007851369307324675
Humanoid-v5,SAC,TD3,Welch t-test,0.01,2.0,10,0.857,0.011070275515993268
Humanoid-v5,SAC,TD3,Mann-Whitney,0.01,2.0,10,0.802,0.012601428490452976
Humanoid-v5,SAC,TD3,Ranked t-test,0.01,2.0,10,0.844,0.011474493452871897
Humanoid-v5,SAC,TD3,bootstrap,0.01,2.0,10,0.975,0.004937104414532877
Humanoid-v5,SAC,TD3,permutation,0.01,2.0,10,0.962,0.006046155803483734
Humanoid-v5,SAC,TD3,t-test,0.01,2.0,20,1.0,0.0
Humanoid-v5,SAC,TD3,Welch t-test,0.01,2.0,20,1.0,0.0
Humanoid-v5,SAC,TD3,Mann-Whitney,0.01,2.0,20,0.996,0.0019959959919799443
Humanoid-v5,SAC,TD3,Ranked t-test,0.01,2.0,20,0.997,0.0017294507798720387
Humanoid-v5,SAC,TD3,bootstrap,0.01,2.0,20,1.0,0.0
Humanoid-v5,SAC,TD3,permutation,0.01,2.0,20,1.0,0.0
Humanoid-v5,SAC,TD3,t-test,0.01,2.0,30,1.0,0.0
Humanoid-v5,SAC,TD3,Welch t-test,0.01,2.0,30,1.0,0.0
Humanoid-v5,SAC,TD3,Mann-Whitney,0.01,2.0,30,1.0,0.0
Humanoid-v5,SAC,TD3,Ranked t-test,0.01,2.0,30,1.0,0.0
Humanoid-v5,SAC,TD3,bootstrap,0.01,2.0,30,1.0,0.0
Humanoid-v5,SAC,TD3,permutation,0.01,2.0,30,1.0,0.0
